Account_ID,Account_Open_Date,Account_Age_Days,Region,Avg_Monthly_Balance_THB,Is_Mule
ACC00001,2025-02-27,424,North,232207.62,0
ACC00002,2020-02-05,2273,Bangkok,79646.19,0
ACC00003,2019-09-24,2407,Northeast,131623.33,0
ACC00004,2016-07-13,3575,East,9883.92,0
ACC00005,2023-10-16,924,Central,35653.85,0
ACC00006,2017-08-13,3179,Bangkok,10018.27,0
ACC00007,2017-02-16,3357,Central,1364.19,0
ACC00008,2023-04-17,1106,East,33116.44,0
ACC00009,2019-05-22,2532,Bangkok,63219.76,0
ACC00010,2017-08-31,3161,Central,75705.49,0
ACC00011,2024-03-15,773,Central,37472.69,0
ACC00012,2025-10-24,185,Central,10633.47,0
ACC00013,2018-11-18,2717,South,21032.2,0
ACC00014,2022-07-16,1381,Central,7159.48,0
ACC00015,2020-01-10,2299,Central,6115.83,0
ACC00016,2023-10-14,926,Northeast,100678.57,0
ACC00017,2021-09-15,1685,Bangkok,53165.53,0
ACC00018,2023-10-25,915,Central,92416.05,0
ACC00019,2020-08-15,2081,South,17662.87,0
ACC00020,2016-10-17,3479,West,85937.59,0
ACC00021,2023-12-28,851,East,3530.56,0
ACC00022,2021-02-16,1896,Central,51519.05,0
ACC00023,2022-04-03,1485,Bangkok,339048.5,0
ACC00024,2019-04-17,2567,Bangkok,33838.17,0
ACC00025,2022-01-25,1553,Bangkok,11453.99,0
ACC00026,2023-08-22,979,Northeast,2503.77,0
ACC00027,2022-01-21,1557,East,5673.07,0
ACC00028,2018-04-16,2933,Bangkok,4357.71,0
ACC00029,2023-06-13,1049,Central,24074.63,0
ACC00030,2024-11-24,519,North,22273.44,0
ACC00031,2019-12-19,2321,Northeast,59148.39,0
ACC00032,2017-01-15,3389,Central,5556.57,0
ACC00033,2024-04-18,739,Bangkok,9302.48,0
ACC00034,2023-04-30,1093,Northeast,8126.29,0
ACC00035,2018-08-10,2817,Bangkok,8869.82,0
ACC00036,2020-03-16,2233,South,24199.58,0
ACC00037,2021-06-12,1780,Bangkok,35097.71,0
ACC00038,2019-07-04,2489,Northeast,66416.26,0
ACC00039,2017-01-20,3384,Northeast,6185.34,0
ACC00040,2017-09-02,3159,South,29729.11,0
ACC00041,2024-11-21,522,Northeast,84786.13,0
ACC00042,2017-10-12,3119,Central,66313.27,0
ACC00043,2025-05-30,332,Bangkok,11845.74,0
ACC00044,2025-09-27,212,Central,102080.01,0
ACC00045,2020-12-10,1964,Bangkok,9178.61,0
ACC00046,2024-05-05,722,Central,3939.31,0
ACC00047,2023-06-25,1037,North,12199.74,0
ACC00048,2026-03-19,39,Central,1869.09,1
ACC00049,2024-04-29,728,Bangkok,68800.86,0
ACC00050,2016-08-04,3553,Central,15479.0,0
ACC00051,2017-04-02,3312,Northeast,174967.69,0
ACC00052,2024-12-08,505,Bangkok,3137.72,0
ACC00053,2019-03-21,2594,Northeast,27872.65,0
ACC00054,2016-08-27,3530,Central,4388.13,0
ACC00055,2018-02-19,2989,East,16078.61,0
ACC00056,2022-04-01,1487,West,31044.65,0
ACC00057,2021-04-05,1848,East,275629.4,0
ACC00058,2023-06-16,1046,East,14880.34,0
ACC00059,2020-04-17,2201,Bangkok,2080.52,0
ACC00060,2024-09-04,600,Northeast,74143.35,0
ACC00061,2022-10-11,1294,Bangkok,10389.72,0
ACC00062,2026-02-16,70,Bangkok,4964.95,1
ACC00063,2024-08-09,626,Central,71038.7,0
ACC00064,2016-05-11,3638,Bangkok,7421.35,0
ACC00065,2026-03-29,29,Bangkok,3509.79,1
ACC00066,2017-08-28,3164,Bangkok,67587.88,0
ACC00067,2020-10-29,2006,Central,20798.81,0
ACC00068,2026-02-28,58,Bangkok,3034.74,1
ACC00069,2025-10-19,190,Bangkok,48429.5,0
ACC00070,2025-01-06,476,Bangkok,201024.42,0
ACC00071,2020-11-14,1990,East,7801.41,0
ACC00072,2021-03-08,1876,Bangkok,6914.68,0
ACC00073,2023-06-04,1058,North,4739.33,0
ACC00074,2017-04-25,3289,Bangkok,21841.1,0
ACC00075,2017-05-30,3254,Central,193520.81,0
ACC00076,2024-06-26,670,Northeast,89594.5,0
ACC00077,2019-06-02,2521,Bangkok,81368.27,0
ACC00078,2021-06-12,1780,Central,60188.52,0
ACC00079,2018-10-23,2743,Northeast,65320.76,0
ACC00080,2019-01-08,2666,North,6775.14,0
ACC00081,2020-07-28,2099,Bangkok,37192.85,0
ACC00082,2025-06-16,315,Bangkok,356181.41,0
ACC00083,2020-06-07,2150,Bangkok,18003.72,0
ACC00084,2026-03-22,36,Bangkok,1455.53,1
ACC00085,2017-06-12,3241,Bangkok,184045.82,0
ACC00086,2020-01-17,2292,Northeast,33125.92,0
ACC00087,2020-07-31,2096,Bangkok,49933.2,0
ACC00088,2025-03-10,413,Bangkok,8203.03,0
ACC00089,2023-09-07,963,East,13609.66,0
ACC00090,2019-08-18,2444,Bangkok,110034.94,0
ACC00091,2023-07-10,1022,South,195451.55,0
ACC00092,2021-11-04,1635,Bangkok,31042.19,0
ACC00093,2017-08-06,3186,Northeast,112102.0,0
ACC00094,2024-09-06,598,Northeast,21316.83,0
ACC00095,2018-11-04,2731,North,15088.33,0
ACC00096,2024-07-04,662,Bangkok,1335.84,0
ACC00097,2023-01-12,1201,North,88587.81,0
ACC00098,2017-10-08,3123,South,11193.69,0
ACC00099,2024-11-26,517,Bangkok,16163.61,0
ACC00100,2017-11-08,3092,Northeast,17679.66,0
ACC00101,2022-06-10,1417,Northeast,32994.59,0
ACC00102,2022-08-18,1348,Central,42746.38,0
ACC00103,2021-02-01,1911,South,144934.72,0
ACC00104,2017-05-30,3254,North,9930.08,0
ACC00105,2019-10-06,2395,Bangkok,17327.88,0
ACC00106,2017-12-07,3063,East,27257.54,0
ACC00107,2022-12-09,1235,Central,47741.38,0
ACC00108,2021-09-24,1676,Bangkok,6730.99,0
ACC00109,2022-06-25,1402,North,17432.05,0
ACC00110,2022-11-18,1256,Northeast,15436.33,0
ACC00111,2016-10-30,3466,Central,65684.26,0
ACC00112,2024-08-12,623,East,42813.13,0
ACC00113,2024-01-14,834,Northeast,24859.14,0
ACC00114,2024-06-14,682,East,6614.14,0
ACC00115,2026-03-11,47,Bangkok,1833.23,1
ACC00116,2019-04-22,2562,Bangkok,5354.03,0
ACC00117,2025-02-10,441,Bangkok,30038.23,0
ACC00118,2019-06-01,2522,Northeast,17049.28,0
ACC00119,2020-10-23,2012,Central,39290.04,0
ACC00120,2023-11-05,904,East,57056.84,0
ACC00121,2018-05-28,2891,Central,29421.64,0
ACC00122,2016-10-15,3481,Central,1094.26,0
ACC00123,2022-01-28,1550,Bangkok,64086.25,0
ACC00124,2020-11-18,1986,North,40319.03,0
ACC00125,2022-04-19,1469,Central,11484.93,0
ACC00126,2025-08-12,258,Central,35182.49,0
ACC00127,2019-07-15,2478,Northeast,10672.91,0
ACC00128,2024-04-11,746,Northeast,32853.32,0
ACC00129,2023-07-11,1021,Bangkok,108523.28,0
ACC00130,2018-07-18,2840,Northeast,46221.69,0
ACC00131,2022-07-30,1367,Northeast,1928.29,0
ACC00132,2025-07-30,271,East,28284.22,0
ACC00133,2017-08-22,3170,East,21652.22,0
ACC00134,2021-05-12,1811,Central,6117.82,0
ACC00135,2020-11-19,1985,Bangkok,38129.23,0
ACC00136,2020-12-12,1962,North,30110.67,0
ACC00137,2020-03-27,2222,Central,16530.88,0
ACC00138,2021-05-21,1802,Bangkok,54558.34,0
ACC00139,2019-08-20,2442,Bangkok,15224.57,0
ACC00140,2022-07-21,1376,Central,22995.95,0
ACC00141,2021-07-08,1754,North,48630.82,0
ACC00142,2018-08-07,2820,Bangkok,15850.02,0
ACC00143,2026-04-12,15,Bangkok,3975.1,1
ACC00144,2023-12-19,860,Bangkok,1829.74,0
ACC00145,2018-06-08,2880,Bangkok,21011.63,0
ACC00146,2023-05-10,1083,South,6506.14,0
ACC00147,2019-12-15,2325,North,21616.62,0
ACC00148,2018-07-14,2844,Central,110250.05,0
ACC00149,2020-03-26,2223,Central,12875.56,0
ACC00150,2021-09-17,1683,Bangkok,123290.23,0
ACC00151,2018-11-30,2705,Bangkok,14291.67,0
ACC00152,2021-10-26,1644,Central,11549.01,0
ACC00153,2016-08-01,3556,East,42008.48,0
ACC00154,2024-04-01,756,Bangkok,92320.21,0
ACC00155,2017-03-05,3340,South,63814.64,0
ACC00156,2021-05-06,1817,Bangkok,10797.16,0
ACC00157,2018-10-23,2743,Bangkok,4693.17,0
ACC00158,2021-11-19,1620,Northeast,12519.03,0
ACC00159,2022-06-17,1410,West,1022.45,0
ACC00160,2018-08-24,2803,Bangkok,105039.27,0
ACC00161,2022-10-13,1292,Northeast,8372.97,0
ACC00162,2025-04-26,366,Central,6176.49,0
ACC00163,2021-07-16,1746,North,9036.1,0
ACC00164,2016-12-10,3425,Bangkok,10408.23,0
ACC00165,2018-05-05,2914,Bangkok,19993.05,0
ACC00166,2023-03-07,1147,South,116541.81,0
ACC00167,2023-01-16,1197,North,59938.49,0
ACC00168,2017-05-15,3269,Bangkok,10245.32,0
ACC00169,2024-12-03,510,Bangkok,4194.82,0
ACC00170,2017-07-29,3194,Northeast,58977.49,0
ACC00171,2026-04-06,21,North,3899.98,1
ACC00172,2019-01-23,2651,North,17651.39,0
ACC00173,2019-11-14,2356,Central,5805.75,0
ACC00174,2023-01-05,1208,Bangkok,2641.87,0
ACC00175,2016-06-26,3592,North,82444.94,0
ACC00176,2020-01-22,2287,Bangkok,10496.91,0
ACC00177,2019-02-07,2636,Bangkok,28398.73,0
ACC00178,2016-12-20,3415,Bangkok,46578.1,0
ACC00179,2023-04-14,1109,East,10740.83,0
ACC00180,2020-06-18,2139,Central,42279.41,0
ACC00181,2017-06-07,3246,East,34514.54,0
ACC00182,2025-06-26,305,Central,4522.47,0
ACC00183,2026-03-12,46,South,21722.42,0
ACC00184,2020-04-15,2203,Central,4603.8,0
ACC00185,2018-05-14,2905,Bangkok,313210.13,0
ACC00186,2020-07-25,2102,South,60227.5,0
ACC00187,2017-05-27,3257,Bangkok,30342.19,0
ACC00188,2024-11-04,539,Bangkok,54975.23,0
ACC00189,2025-04-18,374,Central,30786.65,0
ACC00190,2020-11-04,2000,Northeast,55549.97,0
ACC00191,2026-04-13,14,Bangkok,3780.53,1
ACC00192,2026-03-13,45,Central,2737.62,1
ACC00193,2023-12-23,856,East,21005.38,0
ACC00194,2019-06-07,2516,Bangkok,53433.28,0
ACC00195,2024-03-13,775,West,1679.48,0
ACC00196,2022-08-11,1355,Bangkok,17038.2,0
ACC00197,2019-12-17,2323,Bangkok,983.14,0
ACC00198,2025-04-14,378,Northeast,27884.48,0
ACC00199,2023-03-12,1142,North,198604.06,0
ACC00200,2018-12-05,2700,Bangkok,2681.83,0
ACC00201,2025-09-16,223,Bangkok,17835.34,0
ACC00202,2018-10-28,2738,Bangkok,4664.47,0
ACC00203,2017-04-11,3303,Bangkok,36926.59,0
ACC00204,2023-12-23,856,North,35663.13,0
ACC00205,2023-07-25,1007,Bangkok,25356.56,0
ACC00206,2024-10-12,562,Bangkok,78447.23,0
ACC00207,2023-10-23,917,Bangkok,68716.58,0
ACC00208,2022-07-03,1394,East,14952.15,0
ACC00209,2024-09-05,599,Bangkok,20355.36,0
ACC00210,2021-10-05,1665,South,45246.29,0
ACC00211,2021-06-03,1789,Bangkok,17486.19,0
ACC00212,2025-12-07,141,South,14193.26,0
ACC00213,2016-10-01,3495,South,11495.62,0
ACC00214,2019-10-12,2389,South,8180.49,0
ACC00215,2016-10-21,3475,South,171143.15,0
ACC00216,2019-09-25,2406,Northeast,4899.52,0
ACC00217,2019-03-19,2596,Northeast,9039.19,0
ACC00218,2021-04-09,1844,Northeast,13205.26,0
ACC00219,2022-06-08,1419,Bangkok,94673.18,0
ACC00220,2022-01-10,1568,Bangkok,32017.64,0
ACC00221,2020-01-15,2294,East,10381.4,0
ACC00222,2018-04-01,2948,South,6877.4,0
ACC00223,2024-08-08,627,East,18087.65,0
ACC00224,2023-10-01,939,East,2375.57,0
ACC00225,2023-10-18,922,Bangkok,9905.78,0
ACC00226,2020-11-05,1999,Central,5258.21,0
ACC00227,2019-09-30,2401,Bangkok,70025.9,0
ACC00228,2021-08-28,1703,Northeast,10954.07,0
ACC00229,2019-01-09,2665,East,49105.25,0
ACC00230,2021-03-28,1856,Bangkok,34464.0,0
ACC00231,2022-05-04,1454,Bangkok,37410.47,0
ACC00232,2018-01-06,3033,North,143460.27,0
ACC00233,2026-04-13,14,Bangkok,524.85,1
ACC00234,2022-12-19,1225,Bangkok,50716.04,0
ACC00235,2025-10-25,184,East,116718.86,0
ACC00236,2021-04-24,1829,South,5573.55,0
ACC00237,2017-12-09,3061,North,20606.11,0
ACC00238,2016-05-01,3648,Bangkok,74378.78,0
ACC00239,2019-05-24,2530,East,135187.66,0
ACC00240,2018-07-17,2841,Northeast,24765.61,0
ACC00241,2019-04-03,2581,North,54527.99,0
ACC00242,2016-10-05,3491,Central,60465.85,0
ACC00243,2026-03-10,48,Bangkok,11939.39,0
ACC00244,2026-02-06,80,Central,354190.53,0
ACC00245,2023-04-29,1094,Central,58048.68,0
ACC00246,2025-10-04,205,South,21375.26,0
ACC00247,2020-12-05,1969,Bangkok,351283.91,0
ACC00248,2020-08-20,2076,Bangkok,14701.76,0
ACC00249,2022-04-10,1478,Central,4759.38,0
ACC00250,2024-10-28,546,Bangkok,18679.37,0
ACC00251,2016-06-25,3593,East,45156.94,0
ACC00252,2021-03-26,1858,Bangkok,57370.39,0
ACC00253,2024-08-28,607,Bangkok,13795.64,0
ACC00254,2016-09-22,3504,South,112734.45,0
ACC00255,2018-05-23,2896,Central,19109.15,0
ACC00256,2024-05-31,696,North,3362.3,0
ACC00257,2019-01-09,2665,Northeast,64009.14,0
ACC00258,2023-01-23,1190,West,23347.05,0
ACC00259,2021-03-17,1867,West,5571.14,0
ACC00260,2022-12-08,1236,Bangkok,11027.94,0
ACC00261,2026-02-10,76,Bangkok,2798.36,1
ACC00262,2026-02-28,58,Bangkok,1610.94,1
ACC00263,2017-09-21,3140,South,497447.63,0
ACC00264,2016-09-22,3504,Central,38872.68,0
ACC00265,2017-05-28,3256,Northeast,6181.47,0
ACC00266,2019-12-01,2339,Central,3861.58,0
ACC00267,2021-06-03,1789,Bangkok,29172.01,0
ACC00268,2022-01-17,1561,Bangkok,50421.49,0
ACC00269,2016-10-13,3483,South,38348.59,0
ACC00270,2022-09-09,1326,North,106975.02,0
ACC00271,2025-06-25,306,Bangkok,1764.21,1
ACC00272,2026-02-26,60,North,2960.2,1
ACC00273,2020-08-20,2076,Bangkok,30304.87,0
ACC00274,2022-04-27,1461,Northeast,21547.6,0
ACC00275,2022-10-29,1276,South,33382.47,0
ACC00276,2017-02-25,3348,South,13359.15,0
ACC00277,2020-05-02,2186,South,4101.84,0
ACC00278,2017-12-07,3063,South,17862.07,0
ACC00279,2021-05-02,1821,Bangkok,315560.5,0
ACC00280,2020-02-09,2269,North,9394.19,0
ACC00281,2025-11-06,172,East,6805.46,0
ACC00282,2022-07-30,1367,Bangkok,68692.2,0
ACC00283,2017-02-12,3361,Bangkok,6461.59,0
ACC00284,2023-11-04,905,Bangkok,7010.23,0
ACC00285,2021-02-16,1896,Bangkok,23545.52,0
ACC00286,2017-07-13,3210,South,4847.67,0
ACC00287,2023-03-13,1141,Bangkok,38674.67,0
ACC00288,2017-02-20,3353,Bangkok,101363.75,0
ACC00289,2021-12-14,1595,Bangkok,19589.17,0
ACC00290,2026-03-22,36,Bangkok,4474.76,1
ACC00291,2016-07-09,3579,Central,70761.15,0
ACC00292,2018-03-19,2961,Northeast,72025.15,0
ACC00293,2018-01-04,3035,Bangkok,15728.99,0
ACC00294,2023-01-03,1210,Bangkok,27498.34,0
ACC00295,2024-07-18,648,Bangkok,41405.67,0
ACC00296,2019-06-25,2498,Bangkok,52487.82,0
ACC00297,2021-02-27,1885,Central,9868.02,0
ACC00298,2018-01-14,3025,Central,1578.42,0
ACC00299,2018-06-15,2873,Northeast,73071.64,0
ACC00300,2017-10-11,3120,Northeast,116576.0,0
ACC00301,2024-10-05,569,Bangkok,11269.95,0
ACC00302,2024-10-29,545,Bangkok,41961.55,0
ACC00303,2016-10-27,3469,East,54249.93,0
ACC00304,2023-02-01,1181,East,11594.89,0
ACC00305,2017-11-30,3070,South,25116.34,0
ACC00306,2025-11-03,175,Central,2163.72,0
ACC00307,2023-03-08,1146,Bangkok,12275.45,0
ACC00308,2022-07-19,1378,Bangkok,70767.8,0
ACC00309,2024-04-28,729,South,21760.7,0
ACC00310,2023-06-19,1043,Bangkok,2868.03,0
ACC00311,2025-04-17,375,Bangkok,27354.52,0
ACC00312,2022-04-21,1467,Bangkok,114627.17,0
ACC00313,2019-04-24,2560,Bangkok,67381.87,0
ACC00314,2024-11-19,524,Bangkok,801.69,0
ACC00315,2026-04-12,15,East,2681.73,1
ACC00316,2019-09-01,2430,Central,11745.25,0
ACC00317,2017-05-24,3260,Bangkok,8644.59,0
ACC00318,2022-01-07,1571,South,9876.54,0
ACC00319,2019-02-12,2631,Bangkok,43596.15,0
ACC00320,2021-12-03,1606,South,21931.45,0
ACC00321,2024-02-02,815,Bangkok,3471.7,0
ACC00322,2019-09-09,2422,Northeast,30760.75,0
ACC00323,2020-04-29,2189,South,68475.58,0
ACC00324,2017-06-30,3223,Central,15686.95,0
ACC00325,2021-10-18,1652,Northeast,4176.79,0
ACC00326,2020-07-23,2104,Bangkok,153989.57,0
ACC00327,2020-04-19,2199,Central,50835.25,0
ACC00328,2019-06-10,2513,Northeast,3627.52,0
ACC00329,2019-05-18,2536,East,13426.3,0
ACC00330,2016-05-07,3642,Bangkok,146333.71,0
ACC00331,2018-03-01,2979,Northeast,4318.28,0
ACC00332,2018-09-30,2766,Bangkok,443315.89,0
ACC00333,2023-06-27,1035,Bangkok,58188.74,0
ACC00334,2017-05-30,3254,Central,3978.46,0
ACC00335,2017-07-20,3203,Bangkok,16065.44,0
ACC00336,2024-01-26,822,Bangkok,2073.56,0
ACC00337,2022-01-11,1567,Central,20545.95,0
ACC00338,2018-03-26,2954,Bangkok,5754.04,0
ACC00339,2021-11-25,1614,West,16311.37,0
ACC00340,2021-12-24,1585,Bangkok,8711.4,0
ACC00341,2023-04-11,1112,South,2004.41,0
ACC00342,2026-04-07,20,North,2722.08,1
ACC00343,2018-09-16,2780,Bangkok,9560.9,0
ACC00344,2024-06-09,687,Bangkok,19970.17,0
ACC00345,2025-09-05,234,Central,35729.9,0
ACC00346,2021-01-10,1933,South,12854.87,0
ACC00347,2024-07-08,658,East,8241.05,0
ACC00348,2016-11-12,3453,South,286035.43,0
ACC00349,2020-09-26,2039,Central,76080.38,0
ACC00350,2020-09-30,2035,Bangkok,5650.06,0
ACC00351,2019-05-24,2530,Central,22206.93,0
ACC00352,2021-07-19,1743,Central,17920.17,0
ACC00353,2018-07-09,2849,Bangkok,19380.42,0
ACC00354,2019-09-11,2420,North,11617.59,0
ACC00355,2020-12-21,1953,East,38015.69,0
ACC00356,2017-09-15,3146,Northeast,56769.59,0
ACC00357,2026-03-09,49,West,108777.26,0
ACC00358,2022-07-04,1393,South,44286.35,0
ACC00359,2021-07-22,1740,North,41865.11,0
ACC00360,2016-09-21,3505,Bangkok,17765.62,0
ACC00361,2018-07-25,2833,Central,69345.02,0
ACC00362,2023-02-11,1171,Central,6444.46,0
ACC00363,2021-02-17,1895,East,11902.49,0
ACC00364,2020-01-08,2301,Northeast,167412.01,0
ACC00365,2018-08-23,2804,Central,4846.54,0
ACC00366,2018-02-20,2988,Central,1134.59,0
ACC00367,2026-03-28,30,Bangkok,3429.0,1
ACC00368,2022-11-29,1245,Northeast,3008.18,0
ACC00369,2023-12-15,864,Northeast,5860.32,0
ACC00370,2016-07-28,3560,East,16866.84,0
ACC00371,2021-10-19,1651,Central,64793.65,0
ACC00372,2020-07-08,2119,Northeast,106352.08,0
ACC00373,2019-05-21,2533,Northeast,12803.73,0
ACC00374,2018-03-06,2974,Bangkok,25406.85,0
ACC00375,2017-07-04,3219,Bangkok,42275.27,0
ACC00376,2017-04-12,3302,Bangkok,27039.08,0
ACC00377,2018-04-07,2942,Central,31147.18,0
ACC00378,2019-03-06,2609,Bangkok,3799.98,0
ACC00379,2025-11-10,168,Central,17650.13,0
ACC00380,2021-03-05,1879,Central,6156.38,0
ACC00381,2026-03-19,39,Bangkok,13508.14,0
ACC00382,2020-10-08,2027,Bangkok,59143.74,0
ACC00383,2020-06-26,2131,North,40971.67,0
ACC00384,2017-06-19,3234,Northeast,28573.45,0
ACC00385,2023-08-16,985,Bangkok,3380.68,0
ACC00386,2018-08-14,2813,Bangkok,249777.92,0
ACC00387,2023-11-22,887,North,239850.46,0
ACC00388,2022-03-20,1499,South,73456.7,0
ACC00389,2024-06-08,688,Central,130068.76,0
ACC00390,2016-11-12,3453,Central,10088.42,0
ACC00391,2025-01-11,471,North,10796.61,0
ACC00392,2023-09-23,947,Bangkok,47029.92,0
ACC00393,2021-03-26,1858,Northeast,15039.52,0
ACC00394,2020-04-23,2195,Northeast,11831.32,0
ACC00395,2017-11-12,3088,Central,7929.24,0
ACC00396,2019-04-15,2569,Central,40400.69,0
ACC00397,2021-01-18,1925,Bangkok,15853.76,0
ACC00398,2017-04-20,3294,Bangkok,18299.73,0
ACC00399,2024-03-05,783,East,9712.69,0
ACC00400,2017-06-01,3252,South,7821.79,0
ACC00401,2018-03-14,2966,East,7727.07,0
ACC00402,2024-09-10,594,Northeast,709.03,1
ACC00403,2024-08-11,624,North,4382.69,0
ACC00404,2023-12-29,850,Northeast,6578.91,0
ACC00405,2021-05-19,1804,Bangkok,30360.22,0
ACC00406,2017-03-04,3341,East,77834.53,0
ACC00407,2023-02-12,1170,Central,23946.64,0
ACC00408,2020-03-16,2233,Bangkok,26738.92,0
ACC00409,2018-06-21,2867,Northeast,5322.57,0
ACC00410,2026-03-27,31,Northeast,12390.75,0
ACC00411,2020-11-05,1999,Northeast,62816.96,0
ACC00412,2024-11-15,528,Northeast,18743.53,0
ACC00413,2023-09-24,946,Central,3064.11,0
ACC00414,2023-02-16,1166,Central,98253.11,0
ACC00415,2016-05-12,3637,Bangkok,6207.64,0
ACC00416,2021-09-28,1672,North,11390.46,0
ACC00417,2020-07-23,2104,Bangkok,21254.62,0
ACC00418,2026-04-03,24,Bangkok,3988.1,1
ACC00419,2025-10-26,183,Northeast,72009.02,0
ACC00420,2021-05-22,1801,Northeast,21266.42,0
ACC00421,2017-04-23,3291,Northeast,133343.75,0
ACC00422,2024-07-10,656,North,4924.54,1
ACC00423,2018-01-29,3010,Northeast,13560.81,0
ACC00424,2018-08-14,2813,North,18546.94,0
ACC00425,2018-02-27,2981,Central,8546.45,0
ACC00426,2016-12-17,3418,Central,223625.26,0
ACC00427,2021-12-06,1603,East,157622.38,0
ACC00428,2023-10-15,925,North,14012.47,0
ACC00429,2020-06-26,2131,South,52767.92,0
ACC00430,2019-11-25,2345,Bangkok,23958.12,0
ACC00431,2025-12-17,131,North,30019.32,0
ACC00432,2020-09-21,2044,West,5693.57,0
ACC00433,2022-06-05,1422,Central,375737.86,0
ACC00434,2021-12-30,1579,Bangkok,35863.38,0
ACC00435,2023-05-20,1073,Northeast,9652.26,0
ACC00436,2023-02-25,1157,North,803.1,0
ACC00437,2022-02-11,1536,Northeast,11716.56,0
ACC00438,2016-06-10,3608,Central,2900.19,0
ACC00439,2019-12-04,2336,Northeast,18430.06,0
ACC00440,2024-10-31,543,East,183070.08,0
ACC00441,2020-03-31,2218,Bangkok,2308.9,0
ACC00442,2024-03-19,769,North,16067.13,0
ACC00443,2019-10-26,2375,Northeast,18534.42,0
ACC00444,2025-11-21,157,Northeast,21223.2,0
ACC00445,2021-01-04,1939,Northeast,54881.26,0
ACC00446,2020-07-05,2122,Bangkok,49339.12,0
ACC00447,2018-12-08,2697,South,6304.5,0
ACC00448,2020-09-16,2049,Bangkok,124591.54,0
ACC00449,2023-04-29,1094,Central,2482.03,0
ACC00450,2018-07-20,2838,Bangkok,46889.76,0
ACC00451,2025-02-18,433,Central,62805.02,0
ACC00452,2026-03-17,41,Central,95035.4,0
ACC00453,2020-11-16,1988,Bangkok,28040.12,0
ACC00454,2024-01-02,846,Bangkok,51102.51,0
ACC00455,2021-03-16,1868,Bangkok,5302.66,0
ACC00456,2024-08-22,613,South,2803.57,0
ACC00457,2018-01-23,3016,Bangkok,12202.89,0
ACC00458,2019-05-06,2548,Bangkok,130352.3,0
ACC00459,2025-05-25,337,Northeast,38637.5,0
ACC00460,2017-05-20,3264,North,5273.43,0
ACC00461,2020-08-22,2074,Bangkok,11896.82,0
ACC00462,2020-08-12,2084,Northeast,76745.28,0
ACC00463,2020-10-04,2031,North,11079.99,0
ACC00464,2016-10-01,3495,Bangkok,21816.74,0
ACC00465,2023-10-12,928,Bangkok,94692.1,0
ACC00466,2019-12-25,2315,North,25329.52,0
ACC00467,2025-12-24,124,Bangkok,70846.36,0
ACC00468,2021-08-15,1716,Northeast,8576.77,0
ACC00469,2022-04-12,1476,Northeast,3500.7,0
ACC00470,2019-02-25,2618,Bangkok,171315.69,0
ACC00471,2022-06-18,1409,Northeast,8852.3,0
ACC00472,2022-03-18,1501,Central,170585.14,0
ACC00473,2022-04-06,1482,Bangkok,1404.21,0
ACC00474,2023-01-31,1182,Northeast,5989.84,0
ACC00475,2025-09-08,231,Bangkok,15983.19,0
ACC00476,2024-03-08,780,Bangkok,18983.53,0
ACC00477,2020-08-16,2080,Bangkok,4551.08,0
ACC00478,2023-02-18,1164,West,20262.07,0
ACC00479,2016-12-11,3424,Northeast,17726.41,0
ACC00480,2018-10-19,2747,West,5283.19,0
ACC00481,2024-08-04,631,Northeast,4895.06,0
ACC00482,2021-01-13,1930,West,22777.8,0
ACC00483,2023-06-20,1042,East,31689.72,0
ACC00484,2022-06-16,1411,Central,38730.66,0
ACC00485,2017-10-01,3130,West,36657.29,0
ACC00486,2025-09-08,231,Northeast,9619.24,0
ACC00487,2018-05-18,2901,Bangkok,11701.29,0
ACC00488,2019-08-08,2454,Bangkok,115583.08,0
ACC00489,2020-03-02,2247,Bangkok,63500.29,0
ACC00490,2022-07-26,1371,Bangkok,4423.78,0
ACC00491,2019-01-07,2667,Northeast,30372.76,0
ACC00492,2025-10-21,188,West,15005.66,0
ACC00493,2023-11-18,891,Central,18103.11,0
ACC00494,2026-03-28,30,Northeast,4743.09,1
ACC00495,2018-11-24,2711,Bangkok,4743.39,0
ACC00496,2016-12-17,3418,Bangkok,72691.37,0
ACC00497,2025-02-21,430,Bangkok,8415.3,0
ACC00498,2023-06-28,1034,South,15919.18,0
ACC00499,2019-05-19,2535,Bangkok,45934.08,0
ACC00500,2021-09-25,1675,Northeast,116768.25,0
ACC00501,2024-01-02,846,Central,95468.15,0
ACC00502,2016-05-17,3632,East,21529.53,0
ACC00503,2023-03-26,1128,Bangkok,7065.71,0
ACC00504,2019-03-16,2599,Bangkok,22074.45,0
ACC00505,2023-01-06,1207,Northeast,88815.87,0
ACC00506,2019-12-30,2310,Central,19183.24,0
ACC00507,2016-11-18,3447,Bangkok,12527.26,0
ACC00508,2021-02-27,1885,South,17878.18,0
ACC00509,2021-12-12,1597,North,11220.43,0
ACC00510,2022-01-29,1549,West,83622.03,0
ACC00511,2017-11-04,3096,Bangkok,3894.55,0
ACC00512,2026-01-17,100,Bangkok,31260.6,0
ACC00513,2023-02-18,1164,Bangkok,70577.88,0
ACC00514,2021-01-02,1941,Central,8469.88,0
ACC00515,2022-08-26,1340,Northeast,54289.62,0
ACC00516,2016-12-05,3430,Central,4181.49,0
ACC00517,2024-10-20,554,Northeast,29990.89,0
ACC00518,2026-02-13,73,Northeast,7837.65,0
ACC00519,2018-05-20,2899,East,5114.19,0
ACC00520,2017-08-12,3180,Bangkok,3891.61,0
ACC00521,2019-05-17,2537,Bangkok,51520.26,0
ACC00522,2023-12-10,869,Northeast,58210.99,0
ACC00523,2021-04-24,1829,North,64986.39,0
ACC00524,2018-06-17,2871,Bangkok,5473.15,0
ACC00525,2021-05-21,1802,Central,171296.46,0
ACC00526,2023-10-19,921,East,30695.86,0
ACC00527,2022-12-30,1214,Central,10981.16,0
ACC00528,2026-03-25,33,Northeast,2421.99,1
ACC00529,2023-08-25,976,North,2466.78,0
ACC00530,2023-01-17,1196,Bangkok,291798.55,0
ACC00531,2018-02-18,2990,East,24213.74,0
ACC00532,2026-03-27,31,East,124638.63,0
ACC00533,2020-11-24,1980,Central,6787.91,0
ACC00534,2018-09-05,2791,South,17957.88,0
ACC00535,2023-08-13,988,Central,108686.16,0
ACC00536,2019-07-09,2484,Northeast,69438.76,0
ACC00537,2024-07-08,658,Bangkok,6063.98,0
ACC00538,2020-02-08,2270,Bangkok,43280.48,0
ACC00539,2018-08-17,2810,Bangkok,166085.14,0
ACC00540,2018-02-17,2991,South,10059.67,0
ACC00541,2020-08-02,2094,Bangkok,25228.14,0
ACC00542,2021-03-18,1866,Bangkok,77938.0,0
ACC00543,2021-12-30,1579,Northeast,2534.18,0
ACC00544,2016-10-17,3479,Northeast,64727.29,0
ACC00545,2017-02-25,3348,North,20975.14,0
ACC00546,2021-09-26,1674,Central,3498.43,0
ACC00547,2019-07-04,2489,Northeast,9431.13,0
ACC00548,2019-03-30,2585,Bangkok,18757.21,0
ACC00549,2020-04-28,2190,Bangkok,20388.91,0
ACC00550,2024-12-09,504,Bangkok,967.72,0
ACC00551,2016-09-12,3514,Bangkok,2513.68,0
ACC00552,2024-05-13,714,Bangkok,11252.09,0
ACC00553,2020-05-24,2164,Bangkok,16184.67,0
ACC00554,2019-04-24,2560,Bangkok,5409.24,0
ACC00555,2020-08-04,2092,Bangkok,12924.09,0
ACC00556,2025-10-31,178,Central,44233.0,0
ACC00557,2018-08-24,2803,Northeast,12616.12,0
ACC00558,2024-04-19,738,Central,29707.96,0
ACC00559,2016-07-03,3585,Bangkok,194152.63,0
ACC00560,2022-03-15,1504,East,19598.26,0
ACC00561,2018-05-25,2894,Bangkok,4522.33,0
ACC00562,2016-05-08,3641,Central,113903.37,0
ACC00563,2019-04-02,2582,East,24784.46,0
ACC00564,2025-08-24,246,Bangkok,19132.03,0
ACC00565,2023-12-28,851,West,14648.64,0
ACC00566,2018-12-14,2691,Northeast,20315.32,0
ACC00567,2020-11-28,1976,Bangkok,8730.29,0
ACC00568,2019-04-18,2566,Bangkok,5182.72,0
ACC00569,2017-11-28,3072,Bangkok,12648.19,0
ACC00570,2016-12-29,3406,Bangkok,21177.53,0
ACC00571,2021-09-25,1675,Bangkok,36410.31,0
ACC00572,2016-09-17,3509,Bangkok,10713.66,0
ACC00573,2026-02-07,79,North,3304.84,1
ACC00574,2024-12-28,485,Bangkok,11696.41,0
ACC00575,2019-03-07,2608,Bangkok,64467.03,0
ACC00576,2018-09-04,2792,North,2971.18,0
ACC00577,2025-07-11,290,Central,73684.77,0
ACC00578,2017-01-03,3401,Bangkok,42278.43,0
ACC00579,2017-08-05,3187,Bangkok,28991.69,0
ACC00580,2021-11-05,1634,North,34384.98,0
ACC00581,2022-03-15,1504,South,29017.47,0
ACC00582,2019-04-25,2559,Central,72938.75,0
ACC00583,2023-04-11,1112,Bangkok,455230.77,0
ACC00584,2016-10-18,3478,Central,13165.94,0
ACC00585,2020-12-24,1950,Central,11144.9,0
ACC00586,2021-02-19,1893,Northeast,59271.28,0
ACC00587,2023-12-30,849,Bangkok,65836.01,0
ACC00588,2019-02-02,2641,Northeast,40988.73,0
ACC00589,2024-02-10,807,East,59866.28,0
ACC00590,2023-01-30,1183,West,31629.86,0
ACC00591,2023-06-01,1061,Bangkok,30063.34,0
ACC00592,2020-08-02,2094,Central,23288.71,0
ACC00593,2026-02-16,70,North,36826.6,0
ACC00594,2017-08-26,3166,Bangkok,4752.25,0
ACC00595,2017-02-22,3351,Bangkok,50283.69,0
ACC00596,2017-04-22,3292,Central,3610.18,0
ACC00597,2017-12-18,3052,Bangkok,5336.51,0
ACC00598,2021-06-26,1766,Bangkok,15211.71,0
ACC00599,2022-09-19,1316,North,6884.04,0
ACC00600,2020-09-28,2037,Bangkok,129948.67,0
ACC00601,2024-10-26,548,Bangkok,4397.79,1
ACC00602,2018-05-19,2900,Central,11450.59,0
ACC00603,2025-10-05,204,Northeast,156523.59,0
ACC00604,2022-12-14,1230,West,16703.45,0
ACC00605,2025-07-02,299,Northeast,10833.91,0
ACC00606,2020-08-18,2078,West,27356.24,0
ACC00607,2016-11-05,3460,North,17310.18,0
ACC00608,2019-12-31,2309,Central,18032.5,0
ACC00609,2018-08-24,2803,Bangkok,4579.82,0
ACC00610,2018-04-08,2941,Central,36813.33,0
ACC00611,2025-11-12,166,Central,38412.25,0
ACC00612,2023-09-23,947,Bangkok,35772.04,0
ACC00613,2017-07-23,3200,Bangkok,28635.99,0
ACC00614,2024-09-05,599,South,11158.95,0
ACC00615,2017-09-16,3145,Bangkok,86939.02,0
ACC00616,2023-11-25,884,Bangkok,16829.59,0
ACC00617,2023-09-18,952,Bangkok,21188.28,0
ACC00618,2023-03-14,1140,East,65396.84,0
ACC00619,2020-11-18,1986,Bangkok,848.16,0
ACC00620,2024-10-18,556,Bangkok,51575.63,0
ACC00621,2020-02-06,2272,North,34196.51,0
ACC00622,2025-05-19,343,Bangkok,16717.99,0
ACC00623,2025-04-24,368,Bangkok,14269.62,0
ACC00624,2025-11-07,171,East,3969.37,0
ACC00625,2020-10-09,2026,West,247772.2,0
ACC00626,2024-03-17,771,Northeast,62051.52,0
ACC00627,2020-10-06,2029,East,11685.05,0
ACC00628,2021-10-21,1649,Bangkok,6639.72,0
ACC00629,2020-05-15,2173,Bangkok,22372.79,0
ACC00630,2017-03-15,3330,Bangkok,28170.54,0
ACC00631,2020-09-05,2060,Bangkok,18775.92,0
ACC00632,2017-06-20,3233,Bangkok,7677.7,0
ACC00633,2021-06-13,1779,Bangkok,16271.59,0
ACC00634,2016-05-11,3638,South,30347.23,0
ACC00635,2018-07-23,2835,Central,7784.83,0
ACC00636,2020-03-22,2227,Bangkok,13394.0,0
ACC00637,2023-07-13,1019,Northeast,20555.22,0
ACC00638,2025-06-12,319,Central,92134.89,0
ACC00639,2024-07-29,637,Bangkok,3373.05,0
ACC00640,2022-11-25,1249,Northeast,41042.67,0
ACC00641,2016-11-05,3460,Bangkok,26383.3,0
ACC00642,2023-03-20,1134,Bangkok,919791.48,0
ACC00643,2018-08-25,2802,Northeast,4439.23,0
ACC00644,2026-03-16,42,Bangkok,11713.56,0
ACC00645,2018-06-10,2878,Central,1900.59,0
ACC00646,2021-04-13,1840,Bangkok,27717.66,0
ACC00647,2017-08-06,3186,Northeast,10876.43,0
ACC00648,2019-11-20,2350,Bangkok,136704.82,0
ACC00649,2024-05-16,711,Bangkok,12502.47,0
ACC00650,2022-01-11,1567,Northeast,34609.68,0
ACC00651,2017-05-20,3264,Bangkok,26085.29,0
ACC00652,2020-03-13,2236,Northeast,10703.85,0
ACC00653,2024-05-03,724,North,40424.42,0
ACC00654,2020-08-18,2078,Central,3536.35,0
ACC00655,2023-08-26,975,East,41615.57,0
ACC00656,2018-12-18,2687,North,4819.34,0
ACC00657,2023-07-26,1006,Bangkok,5741.6,0
ACC00658,2021-07-26,1736,Bangkok,4648.03,0
ACC00659,2025-11-10,168,Bangkok,2048.45,0
ACC00660,2026-03-24,34,Bangkok,94134.36,0
ACC00661,2017-03-30,3315,Bangkok,32031.77,0
ACC00662,2022-04-28,1460,Bangkok,14836.88,0
ACC00663,2023-03-06,1148,West,8465.26,0
ACC00664,2024-07-30,636,East,2624.97,1
ACC00665,2020-05-19,2169,Central,41351.61,0
ACC00666,2020-01-24,2285,Central,46220.05,0
ACC00667,2016-08-15,3542,Bangkok,338037.99,0
ACC00668,2020-01-04,2305,Central,380482.43,0
ACC00669,2019-07-23,2470,Northeast,1040.86,0
ACC00670,2022-07-10,1387,Northeast,19647.51,0
ACC00671,2016-08-29,3528,Bangkok,8957.32,0
ACC00672,2017-02-12,3361,East,27024.51,0
ACC00673,2026-03-10,48,Bangkok,710.0,1
ACC00674,2023-09-16,954,West,56865.62,0
ACC00675,2024-10-19,555,Northeast,16336.49,0
ACC00676,2023-06-19,1043,Bangkok,64143.99,0
ACC00677,2021-11-13,1626,Central,33468.94,0
ACC00678,2020-01-22,2287,Northeast,3541.04,0
ACC00679,2016-08-20,3537,Bangkok,21884.26,0
ACC00680,2016-11-04,3461,Bangkok,84747.94,0
ACC00681,2021-11-06,1633,Bangkok,65688.36,0
ACC00682,2024-11-03,540,West,12420.98,0
ACC00683,2026-02-24,62,Bangkok,665.99,1
ACC00684,2023-03-26,1128,East,22062.96,0
ACC00685,2019-01-31,2643,Bangkok,46914.87,0
ACC00686,2023-02-27,1155,East,35167.03,0
ACC00687,2017-07-13,3210,South,4900.67,0
ACC00688,2025-04-22,370,Northeast,4458.29,0
ACC00689,2025-02-12,439,Northeast,27920.59,0
ACC00690,2017-10-11,3120,Bangkok,32500.14,0
ACC00691,2021-07-28,1734,Northeast,5417.15,0
ACC00692,2025-06-26,305,West,66144.25,0
ACC00693,2020-01-05,2304,West,73313.66,0
ACC00694,2021-05-09,1814,Bangkok,64819.25,0
ACC00695,2024-12-28,485,South,5333.0,0
ACC00696,2021-04-22,1831,Central,20672.67,0
ACC00697,2020-01-01,2308,East,140565.83,0
ACC00698,2025-06-23,308,East,32324.55,0
ACC00699,2025-09-27,212,South,24431.81,0
ACC00700,2016-07-01,3587,Northeast,6561.73,0
ACC00701,2019-03-31,2584,Bangkok,5803.7,0
ACC00702,2020-10-21,2014,Bangkok,64304.86,0
ACC00703,2024-10-03,571,Bangkok,71528.9,0
ACC00704,2020-09-09,2056,Northeast,5150.15,0
ACC00705,2018-04-28,2921,Bangkok,2116.2,0
ACC00706,2021-05-17,1806,Bangkok,38698.07,0
ACC00707,2019-07-29,2464,North,45661.79,0
ACC00708,2023-11-29,880,Northeast,7911.62,0
ACC00709,2022-08-24,1342,North,25663.85,0
ACC00710,2025-03-19,404,South,9466.96,0
ACC00711,2022-05-26,1432,Bangkok,29748.76,0
ACC00712,2017-12-08,3062,East,11923.41,0
ACC00713,2025-06-21,310,Northeast,20430.52,0
ACC00714,2020-09-09,2056,Northeast,5909.5,0
ACC00715,2022-09-06,1329,Bangkok,78081.8,0
ACC00716,2019-08-04,2458,North,10353.85,0
ACC00717,2020-05-05,2183,Bangkok,7810.69,0
ACC00718,2025-06-25,306,Northeast,38257.11,0
ACC00719,2024-11-17,526,Central,13066.57,0
ACC00720,2022-04-30,1458,East,165961.61,0
ACC00721,2026-02-18,68,Northeast,14439.09,0
ACC00722,2022-09-04,1331,Northeast,5256.86,0
ACC00723,2025-07-09,292,Bangkok,35441.85,0
ACC00724,2018-04-05,2944,East,12437.1,0
ACC00725,2018-04-25,2924,Northeast,30103.18,0
ACC00726,2019-02-06,2637,North,42447.97,0
ACC00727,2016-06-03,3615,Bangkok,102592.36,0
ACC00728,2023-06-16,1046,Central,82219.68,0
ACC00729,2026-03-20,38,Bangkok,2834.56,1
ACC00730,2026-03-25,33,Bangkok,19892.73,0
ACC00731,2022-05-11,1447,Bangkok,6680.74,0
ACC00732,2017-07-04,3219,Bangkok,37871.69,0
ACC00733,2021-01-12,1931,Northeast,106392.5,0
ACC00734,2019-06-02,2521,Northeast,44548.9,0
ACC00735,2019-08-31,2431,West,227715.29,0
ACC00736,2016-10-03,3493,Northeast,68937.5,0
ACC00737,2019-08-04,2458,South,62610.7,0
ACC00738,2018-11-19,2716,West,56633.93,0
ACC00739,2024-10-21,553,Northeast,383833.5,0
ACC00740,2021-09-06,1694,East,9770.29,0
ACC00741,2018-04-06,2943,North,80371.67,0
ACC00742,2016-06-11,3607,Northeast,5411.48,0
ACC00743,2018-01-15,3024,Northeast,30319.32,0
ACC00744,2022-12-23,1221,East,12286.8,0
ACC00745,2022-08-09,1357,South,29356.97,0
ACC00746,2017-04-14,3300,Bangkok,33076.47,0
ACC00747,2026-02-28,58,Bangkok,4778.21,1
ACC00748,2021-05-03,1820,East,10416.69,0
ACC00749,2026-02-02,84,Bangkok,25835.98,0
ACC00750,2026-04-12,15,Bangkok,571.85,1
ACC00751,2020-11-14,1990,Northeast,39173.08,0
ACC00752,2017-08-18,3174,Northeast,13870.78,0
ACC00753,2019-08-24,2438,Bangkok,72288.77,0
ACC00754,2022-09-22,1313,Bangkok,203803.4,0
ACC00755,2025-10-31,178,Bangkok,14176.36,0
ACC00756,2025-11-24,154,Bangkok,570.36,1
ACC00757,2019-10-22,2379,East,7865.75,0
ACC00758,2021-03-01,1883,South,11004.59,0
ACC00759,2024-01-22,826,Central,2852.47,0
ACC00760,2019-05-31,2523,North,19242.01,0
ACC00761,2016-10-23,3473,South,41845.28,0
ACC00762,2023-06-24,1038,Northeast,50965.84,0
ACC00763,2016-06-01,3617,Bangkok,10089.98,0
ACC00764,2017-11-01,3099,North,50332.87,0
ACC00765,2018-08-28,2799,North,77053.49,0
ACC00766,2019-02-20,2623,Bangkok,10104.66,0
ACC00767,2018-08-02,2825,Northeast,13826.15,0
ACC00768,2022-08-09,1357,South,33424.23,0
ACC00769,2025-02-25,426,West,154186.8,0
ACC00770,2025-09-04,235,Northeast,10412.74,0
ACC00771,2019-02-20,2623,Bangkok,9944.19,0
ACC00772,2020-11-30,1974,Bangkok,84927.28,0
ACC00773,2019-08-02,2460,Bangkok,107030.9,0
ACC00774,2019-01-10,2664,Bangkok,47150.0,0
ACC00775,2024-12-29,484,North,12544.29,0
ACC00776,2022-07-01,1396,East,58270.1,0
ACC00777,2023-12-05,874,North,81771.36,0
ACC00778,2018-06-20,2868,West,186754.33,0
ACC00779,2017-02-21,3352,West,3384.4,0
ACC00780,2017-01-20,3384,East,49591.37,0
ACC00781,2024-03-23,765,North,83649.04,0
ACC00782,2019-09-30,2401,Central,7314.53,0
ACC00783,2017-03-05,3340,Bangkok,6732.01,0
ACC00784,2022-06-16,1411,Northeast,17521.45,0
ACC00785,2024-09-30,574,East,1621.82,1
ACC00786,2021-01-13,1930,Bangkok,2638.25,0
ACC00787,2016-08-06,3551,Bangkok,21120.8,0
ACC00788,2024-02-01,816,East,34226.13,0
ACC00789,2016-06-28,3590,Bangkok,16646.57,0
ACC00790,2023-09-07,963,Central,9385.8,0
ACC00791,2017-10-29,3102,Bangkok,8162.64,0
ACC00792,2020-03-21,2228,South,208310.06,0
ACC00793,2023-02-04,1178,South,2343.22,0
ACC00794,2020-03-02,2247,Bangkok,63795.78,0
ACC00795,2020-04-10,2208,North,8718.1,0
ACC00796,2017-04-29,3285,Bangkok,91217.96,0
ACC00797,2020-08-22,2074,Bangkok,72203.47,0
ACC00798,2017-06-04,3249,Bangkok,30954.38,0
ACC00799,2024-01-19,829,Bangkok,16884.87,0
ACC00800,2025-08-16,254,Central,3419.15,0
ACC00801,2021-03-16,1868,North,10801.56,0
ACC00802,2022-08-02,1364,Bangkok,42476.99,0
ACC00803,2024-06-05,691,East,23215.46,0
ACC00804,2024-08-10,625,Bangkok,11756.65,0
ACC00805,2022-11-26,1248,Central,2659.15,0
ACC00806,2024-05-26,701,Bangkok,12887.07,0
ACC00807,2026-04-19,8,South,2413.2,1
ACC00808,2023-02-11,1171,East,68491.03,0
ACC00809,2019-04-05,2579,South,175132.33,0
ACC00810,2023-01-23,1190,Northeast,10670.28,0
ACC00811,2019-03-04,2611,Bangkok,4619.66,0
ACC00812,2024-03-23,765,Bangkok,14237.94,0
ACC00813,2018-03-09,2971,Bangkok,64058.82,0
ACC00814,2022-09-09,1326,Bangkok,10138.67,0
ACC00815,2018-12-26,2679,North,32048.0,0
ACC00816,2024-01-30,818,West,21546.77,0
ACC00817,2025-03-11,412,Central,334574.96,0
ACC00818,2019-01-18,2656,Central,18837.14,0
ACC00819,2018-07-15,2843,Bangkok,211914.37,0
ACC00820,2018-06-06,2882,Central,5059.79,0
ACC00821,2019-03-29,2586,Bangkok,79823.53,0
ACC00822,2017-05-27,3257,Bangkok,46833.32,0
ACC00823,2020-07-31,2096,Northeast,73301.97,0
ACC00824,2023-08-10,991,East,6255.35,0
ACC00825,2025-08-25,245,Bangkok,50510.92,0
ACC00826,2019-03-22,2593,Bangkok,8079.5,0
ACC00827,2016-12-31,3404,Bangkok,34667.36,0
ACC00828,2019-10-21,2380,North,9573.66,0
ACC00829,2017-01-13,3391,Northeast,32934.84,0
ACC00830,2018-05-26,2893,Central,24527.0,0
ACC00831,2020-09-29,2036,Bangkok,2860.66,0
ACC00832,2018-09-28,2768,Central,37629.64,0
ACC00833,2022-08-29,1337,Northeast,38027.82,0
ACC00834,2020-02-28,2250,Bangkok,63984.45,0
ACC00835,2022-07-25,1372,Central,83082.96,0
ACC00836,2025-01-28,454,Central,9165.32,0
ACC00837,2018-03-19,2961,Bangkok,115938.93,0
ACC00838,2026-03-07,51,Bangkok,1830.35,1
ACC00839,2019-06-06,2517,Central,130408.48,0
ACC00840,2020-03-01,2248,Bangkok,109231.02,0
ACC00841,2020-10-10,2025,Bangkok,49386.55,0
ACC00842,2016-06-11,3607,East,11454.03,0
ACC00843,2023-04-16,1107,Bangkok,36187.01,0
ACC00844,2017-11-15,3085,Central,3701.4,0
ACC00845,2019-05-01,2553,Bangkok,20788.71,0
ACC00846,2025-08-21,249,Bangkok,5889.5,0
ACC00847,2019-07-12,2481,Bangkok,29643.98,0
ACC00848,2022-12-21,1223,Bangkok,32253.0,0
ACC00849,2020-11-15,1989,Central,145455.24,0
ACC00850,2019-03-10,2605,Bangkok,10338.45,0
ACC00851,2016-08-20,3537,Bangkok,38963.58,0
ACC00852,2024-02-08,809,North,14296.47,0
ACC00853,2021-10-28,1642,North,110592.92,0
ACC00854,2024-08-04,631,Central,1259.88,0
ACC00855,2018-06-21,2867,Bangkok,4187.49,0
ACC00856,2018-09-27,2769,North,66930.7,0
ACC00857,2019-03-02,2613,Bangkok,13635.56,0
ACC00858,2021-01-09,1934,Bangkok,119856.59,0
ACC00859,2020-11-23,1981,Bangkok,186829.2,0
ACC00860,2025-05-12,350,Central,11022.9,0
ACC00861,2025-08-19,251,North,2278.18,1
ACC00862,2025-01-21,461,Bangkok,7439.67,0
ACC00863,2018-12-05,2700,South,41103.06,0
ACC00864,2024-12-06,507,Bangkok,116538.3,0
ACC00865,2021-04-25,1828,East,57265.32,0
ACC00866,2017-07-16,3207,Northeast,37441.69,0
ACC00867,2017-07-24,3199,Central,2405.0,0
ACC00868,2023-08-04,997,Central,41320.65,0
ACC00869,2026-04-20,7,Bangkok,3747.78,1
ACC00870,2021-05-01,1822,Bangkok,7746.24,0
ACC00871,2025-04-14,378,Bangkok,3226.82,1
ACC00872,2020-01-02,2307,Bangkok,3648.4,0
ACC00873,2023-07-03,1029,Northeast,39752.29,0
ACC00874,2017-11-24,3076,Central,22946.03,0
ACC00875,2021-09-10,1690,Bangkok,179780.53,0
ACC00876,2020-04-30,2188,Bangkok,36746.38,0
ACC00877,2017-03-23,3322,North,11191.42,0
ACC00878,2024-01-03,845,Northeast,40308.45,0
ACC00879,2020-12-28,1946,Bangkok,38331.85,0
ACC00880,2019-09-30,2401,Bangkok,8393.67,0
ACC00881,2018-10-17,2749,Bangkok,105367.37,0
ACC00882,2025-04-15,377,Bangkok,62216.8,0
ACC00883,2023-06-15,1047,Central,34631.55,0
ACC00884,2026-02-20,66,Bangkok,1049.17,1
ACC00885,2025-09-27,212,Northeast,13800.83,0
ACC00886,2017-06-08,3245,Bangkok,29884.61,0
ACC00887,2017-02-13,3360,East,8770.8,0
ACC00888,2018-07-28,2830,Northeast,40877.19,0
ACC00889,2022-05-27,1431,North,48977.15,0
ACC00890,2023-12-17,862,Central,25726.93,0
ACC00891,2024-10-29,545,Northeast,3875.32,0
ACC00892,2025-06-24,307,South,9464.72,0
ACC00893,2019-06-01,2522,East,60029.6,0
ACC00894,2019-08-11,2451,Central,59751.76,0
ACC00895,2017-04-28,3286,Central,35452.75,0
ACC00896,2021-08-19,1712,North,15300.79,0
ACC00897,2018-09-29,2767,North,6365.94,0
ACC00898,2023-05-01,1092,Bangkok,43251.19,0
ACC00899,2016-10-11,3485,West,18841.71,0
ACC00900,2017-07-20,3203,Central,8583.32,0
ACC00901,2019-12-25,2315,North,41885.41,0
ACC00902,2024-09-15,589,Bangkok,56024.58,0
ACC00903,2025-07-22,279,Bangkok,907.73,1
ACC00904,2016-10-20,3476,Central,42088.55,0
ACC00905,2021-06-04,1788,Northeast,15968.57,0
ACC00906,2020-08-02,2094,Northeast,20869.72,0
ACC00907,2017-08-19,3173,West,113789.59,0
ACC00908,2021-05-06,1817,Central,2828.11,0
ACC00909,2020-05-10,2178,Bangkok,61162.1,0
ACC00910,2019-07-13,2480,Bangkok,63896.12,0
ACC00911,2022-11-30,1244,East,24505.37,0
ACC00912,2025-04-28,364,Bangkok,25864.26,0
ACC00913,2025-04-14,378,South,273666.68,0
ACC00914,2023-02-22,1160,Northeast,10125.12,0
ACC00915,2018-09-03,2793,Central,4077.83,0
ACC00916,2020-12-22,1952,Northeast,4573.47,0
ACC00917,2016-09-19,3507,Bangkok,49223.19,0
ACC00918,2026-04-07,20,Northeast,3772.72,1
ACC00919,2019-12-17,2323,Central,31877.66,0
ACC00920,2017-03-09,3336,North,8051.17,0
ACC00921,2018-11-02,2733,South,34210.62,0
ACC00922,2020-06-05,2152,Bangkok,13090.21,0
ACC00923,2020-08-23,2073,North,53664.21,0
ACC00924,2017-09-16,3145,Bangkok,36341.52,0
ACC00925,2021-08-01,1730,North,21938.07,0
ACC00926,2024-08-05,630,South,29500.07,0
ACC00927,2019-10-09,2392,West,22770.68,0
ACC00928,2024-08-22,613,Central,9402.96,0
ACC00929,2022-10-19,1286,North,283434.37,0
ACC00930,2019-05-13,2541,Northeast,5236.96,0
ACC00931,2024-01-28,820,Central,6014.35,0
ACC00932,2021-01-06,1937,Northeast,20212.99,0
ACC00933,2019-06-21,2502,Central,9381.0,0
ACC00934,2023-11-09,900,Bangkok,4100.22,0
ACC00935,2026-02-20,66,West,55125.84,0
ACC00936,2026-04-10,17,East,1394.79,1
ACC00937,2025-06-13,318,Central,34438.2,0
ACC00938,2024-12-08,505,East,13766.89,0
ACC00939,2017-04-22,3292,South,69866.95,0
ACC00940,2022-09-05,1330,Central,15666.34,0
ACC00941,2022-08-05,1361,North,18685.57,0
ACC00942,2020-08-04,2092,Bangkok,9291.14,0
ACC00943,2024-01-30,818,Northeast,4117.4,0
ACC00944,2017-07-25,3198,Northeast,20062.25,0
ACC00945,2024-07-28,638,Central,22781.85,0
ACC00946,2017-09-27,3134,East,47149.96,0
ACC00947,2022-11-03,1271,South,49888.98,0
ACC00948,2022-04-29,1459,Bangkok,22838.29,0
ACC00949,2016-06-25,3593,West,10512.98,0
ACC00950,2020-07-18,2109,Northeast,39197.4,0
ACC00951,2021-06-13,1779,Bangkok,7663.49,0
ACC00952,2022-03-03,1516,South,30578.12,0
ACC00953,2020-09-15,2050,Central,40758.2,0
ACC00954,2023-06-13,1049,Central,50914.34,0
ACC00955,2023-12-10,869,South,69961.95,0
ACC00956,2025-07-13,288,Bangkok,466214.67,0
ACC00957,2017-11-22,3078,Bangkok,40688.41,0
ACC00958,2021-01-07,1936,Bangkok,49197.94,0
ACC00959,2023-02-18,1164,Bangkok,28211.84,0
ACC00960,2023-07-09,1023,West,69513.29,0
ACC00961,2019-03-30,2585,Central,34032.97,0
ACC00962,2017-11-08,3092,Bangkok,4992.34,0
ACC00963,2020-01-21,2288,Northeast,17957.78,0
ACC00964,2023-07-13,1019,East,33235.64,0
ACC00965,2020-02-07,2271,South,16864.23,0
ACC00966,2022-12-27,1217,North,24128.44,0
ACC00967,2024-11-25,518,Bangkok,31662.19,0
ACC00968,2026-02-21,65,East,5617.93,0
ACC00969,2024-02-12,805,Bangkok,28257.61,0
ACC00970,2021-06-29,1763,Bangkok,30151.67,0
ACC00971,2019-06-04,2519,Northeast,30916.71,0
ACC00972,2018-09-28,2768,Bangkok,30285.82,0
ACC00973,2025-01-01,481,Bangkok,11262.19,0
ACC00974,2025-11-17,161,West,53666.97,0
ACC00975,2025-10-26,183,Northeast,9264.22,0
ACC00976,2019-12-14,2326,Bangkok,232606.52,0
ACC00977,2024-06-29,667,Bangkok,122227.31,0
ACC00978,2020-05-28,2160,North,2270.29,0
ACC00979,2017-01-15,3389,Bangkok,7907.1,0
ACC00980,2018-06-13,2875,Bangkok,12952.98,0
ACC00981,2016-11-21,3444,Bangkok,38373.01,0
ACC00982,2023-08-28,973,Northeast,18313.77,0
ACC00983,2018-01-24,3015,Bangkok,113434.55,0
ACC00984,2021-11-06,1633,South,11803.79,0
ACC00985,2016-09-16,3510,Bangkok,135348.89,0
ACC00986,2022-03-27,1492,Bangkok,9351.86,0
ACC00987,2022-06-09,1418,East,88011.71,0
ACC00988,2016-06-05,3613,Central,35458.89,0
ACC00989,2016-07-04,3584,Central,43933.99,0
ACC00990,2021-10-31,1639,Bangkok,77143.05,0
ACC00991,2023-06-19,1043,Northeast,110691.69,0
ACC00992,2022-10-18,1287,Bangkok,4019.25,0
ACC00993,2020-12-30,1944,Bangkok,23304.94,0
ACC00994,2020-06-18,2139,North,322161.94,0
ACC00995,2026-02-18,68,Bangkok,4873.02,1
ACC00996,2016-05-23,3626,Bangkok,3531.99,0
ACC00997,2021-01-14,1929,Bangkok,17140.03,0
ACC00998,2019-10-18,2383,West,248819.34,0
ACC00999,2016-10-22,3474,North,32619.58,0
ACC01000,2023-07-26,1006,South,48076.08,0
ACC01001,2017-06-04,3249,Central,45550.63,0
ACC01002,2016-11-20,3445,North,352098.87,0
ACC01003,2019-12-16,2324,Bangkok,86802.21,0
ACC01004,2022-06-07,1420,East,188975.48,0
ACC01005,2023-09-20,950,Northeast,8882.57,0
ACC01006,2025-04-21,371,Bangkok,3117.66,0
ACC01007,2022-11-03,1271,North,20926.16,0
ACC01008,2016-07-25,3563,Central,243369.26,0
ACC01009,2023-11-06,903,South,302249.6,0
ACC01010,2022-09-28,1307,Bangkok,48554.69,0
ACC01011,2021-11-10,1629,North,34403.47,0
ACC01012,2024-02-18,799,Bangkok,486820.72,0
ACC01013,2025-11-15,163,South,14276.03,0
ACC01014,2017-12-30,3040,Bangkok,1682.37,0
ACC01015,2024-04-08,749,Bangkok,16232.13,0
ACC01016,2026-03-11,47,Bangkok,4617.32,1
ACC01017,2017-09-20,3141,North,6570.42,0
ACC01018,2020-11-30,1974,Northeast,10784.64,0
ACC01019,2025-11-12,166,Northeast,23060.58,0
ACC01020,2022-05-10,1448,East,30701.01,0
ACC01021,2016-11-12,3453,East,9419.87,0
ACC01022,2026-03-24,34,Bangkok,4683.64,1
ACC01023,2023-11-24,885,Bangkok,21244.67,0
ACC01024,2018-01-26,3013,East,28451.39,0
ACC01025,2018-10-28,2738,Bangkok,81791.21,0
ACC01026,2025-05-20,342,South,75293.11,0
ACC01027,2023-09-10,960,Central,34854.23,0
ACC01028,2016-10-19,3477,North,58421.22,0
ACC01029,2024-04-28,729,Bangkok,10348.33,0
ACC01030,2024-06-08,688,Northeast,6663.03,0
ACC01031,2021-05-01,1822,Bangkok,45861.09,0
ACC01032,2017-08-21,3171,Bangkok,9193.13,0
ACC01033,2020-07-24,2103,Bangkok,14490.06,0
ACC01034,2020-01-09,2300,Bangkok,115817.85,0
ACC01035,2016-09-01,3525,South,11474.59,0
ACC01036,2025-10-21,188,Bangkok,3160.84,1
ACC01037,2025-01-08,474,Northeast,32329.59,0
ACC01038,2025-01-28,454,Central,24723.59,0
ACC01039,2019-03-20,2595,Bangkok,60968.77,0
ACC01040,2020-12-24,1950,East,11763.21,0
ACC01041,2026-03-07,51,Bangkok,4707.23,0
ACC01042,2019-11-20,2350,West,6286.94,0
ACC01043,2024-12-24,489,Northeast,3404.73,0
ACC01044,2025-02-02,449,Bangkok,1027.92,0
ACC01045,2017-08-02,3190,Central,12399.3,0
ACC01046,2021-05-21,1802,East,26604.45,0
ACC01047,2022-01-22,1556,Northeast,35934.46,0
ACC01048,2021-01-25,1918,Bangkok,22518.72,0
ACC01049,2022-01-20,1558,North,17992.18,0
ACC01050,2024-06-08,688,East,19304.14,0
ACC01051,2019-05-30,2524,Bangkok,47058.44,0
ACC01052,2024-08-18,617,Bangkok,22582.99,0
ACC01053,2020-10-07,2028,Bangkok,19468.39,0
ACC01054,2022-01-01,1577,Bangkok,27703.63,0
ACC01055,2017-05-22,3262,Bangkok,30347.22,0
ACC01056,2022-02-09,1538,Northeast,18878.73,0
ACC01057,2022-10-20,1285,Central,9529.67,0
ACC01058,2019-06-19,2504,Bangkok,71345.75,0
ACC01059,2022-03-28,1491,East,8351.26,0
ACC01060,2019-02-07,2636,South,2433.65,0
ACC01061,2024-08-31,604,North,107216.6,0
ACC01062,2016-09-25,3501,Central,14440.77,0
ACC01063,2022-12-31,1213,Bangkok,40211.79,0
ACC01064,2016-08-18,3539,Bangkok,181057.66,0
ACC01065,2025-09-12,227,Bangkok,24425.25,0
ACC01066,2019-10-19,2382,East,1661.28,0
ACC01067,2020-06-04,2153,Northeast,298084.2,0
ACC01068,2017-03-07,3338,Bangkok,14120.6,0
ACC01069,2017-09-27,3134,North,17992.91,0
ACC01070,2023-11-21,888,Bangkok,9301.32,0
ACC01071,2019-05-23,2531,Bangkok,13595.85,0
ACC01072,2016-07-07,3581,Bangkok,9545.96,0
ACC01073,2025-03-08,415,Bangkok,24052.2,0
ACC01074,2024-12-01,512,East,20004.03,0
ACC01075,2026-03-01,57,Bangkok,1712.36,1
ACC01076,2022-03-29,1490,Northeast,10089.28,0
ACC01077,2024-02-24,793,Central,14606.61,0
ACC01078,2021-08-08,1723,Bangkok,10105.17,0
ACC01079,2024-09-22,582,Central,18574.66,0
ACC01080,2025-10-07,202,Bangkok,19018.81,0
ACC01081,2023-07-15,1017,Bangkok,6803.92,0
ACC01082,2022-01-14,1564,Bangkok,16238.38,0
ACC01083,2018-11-19,2716,East,9854.66,0
ACC01084,2018-11-30,2705,Bangkok,341.82,0
ACC01085,2021-01-24,1919,Northeast,123020.58,0
ACC01086,2023-05-27,1066,East,157428.87,0
ACC01087,2017-05-08,3276,Northeast,41925.66,0
ACC01088,2017-02-19,3354,Central,16153.61,0
ACC01089,2023-12-24,855,Bangkok,69038.07,0
ACC01090,2026-01-13,104,Central,25457.78,0
ACC01091,2020-04-30,2188,Central,5875.21,0
ACC01092,2022-04-11,1477,Central,88697.96,0
ACC01093,2021-06-09,1783,Central,4889.54,0
ACC01094,2019-10-30,2371,North,27657.55,0
ACC01095,2021-01-29,1914,West,9346.7,0
ACC01096,2024-10-13,561,Bangkok,6042.38,0
ACC01097,2021-08-20,1711,Central,101198.53,0
ACC01098,2019-11-19,2351,Northeast,3689.33,0
ACC01099,2017-11-08,3092,North,34521.02,0
ACC01100,2021-06-20,1772,Bangkok,3022.76,0
ACC01101,2016-05-31,3618,Bangkok,9911.17,0
ACC01102,2023-08-12,989,Bangkok,14076.43,0
ACC01103,2022-12-08,1236,Northeast,10239.29,0
ACC01104,2017-08-10,3182,Bangkok,103092.11,0
ACC01105,2020-01-05,2304,Bangkok,12042.84,0
ACC01106,2021-07-31,1731,Central,11062.68,0
ACC01107,2018-02-01,3007,East,20938.78,0
ACC01108,2021-07-15,1747,Bangkok,9638.67,0
ACC01109,2021-10-05,1665,Bangkok,2995.93,0
ACC01110,2019-09-27,2404,Central,15542.13,0
ACC01111,2018-08-01,2826,Central,434243.56,0
ACC01112,2019-07-04,2489,East,56309.53,0
ACC01113,2018-05-21,2898,Northeast,2418.62,0
ACC01114,2025-04-27,365,Bangkok,27486.81,0
ACC01115,2020-04-28,2190,North,15310.41,0
ACC01116,2022-04-19,1469,West,34418.58,0
ACC01117,2018-03-15,2965,East,53929.07,0
ACC01118,2023-04-14,1109,Bangkok,17384.49,0
ACC01119,2026-04-13,14,Bangkok,654.75,1
ACC01120,2017-06-24,3229,West,19166.7,0
ACC01121,2025-06-27,304,Bangkok,37912.56,0
ACC01122,2016-12-07,3428,Bangkok,9300.9,0
ACC01123,2016-10-26,3470,East,74416.97,0
ACC01124,2021-12-05,1604,Central,47413.83,0
ACC01125,2021-09-22,1678,Bangkok,31309.82,0
ACC01126,2020-11-14,1990,East,40632.96,0
ACC01127,2023-09-11,959,South,19033.49,0
ACC01128,2022-03-24,1495,West,20600.63,0
ACC01129,2021-08-19,1712,Bangkok,9955.26,0
ACC01130,2017-08-06,3186,Bangkok,2969.84,0
ACC01131,2021-11-06,1633,South,8942.63,0
ACC01132,2020-11-26,1978,Northeast,144716.85,0
ACC01133,2018-10-21,2745,Bangkok,77754.69,0
ACC01134,2020-09-23,2042,Bangkok,35614.01,0
ACC01135,2023-04-24,1099,South,27687.0,0
ACC01136,2024-11-20,523,Bangkok,19267.47,0
ACC01137,2021-08-19,1712,Bangkok,6099.11,0
ACC01138,2026-03-21,37,Northeast,11910.84,0
ACC01139,2026-01-19,98,Northeast,21863.22,0
ACC01140,2025-09-12,227,Central,26855.7,0
ACC01141,2017-10-10,3121,East,57374.96,0
ACC01142,2021-11-24,1615,East,4318.45,0
ACC01143,2020-05-29,2159,Central,36384.68,0
ACC01144,2023-07-11,1021,Northeast,18370.78,0
ACC01145,2019-08-13,2449,Central,12600.1,0
ACC01146,2017-10-28,3103,North,38147.82,0
ACC01147,2020-08-14,2082,Bangkok,3343.62,0
ACC01148,2024-07-05,661,Northeast,20336.36,0
ACC01149,2018-07-05,2853,North,226913.38,0
ACC01150,2025-04-27,365,Northeast,100125.98,0
ACC01151,2021-12-02,1607,Bangkok,8718.78,0
ACC01152,2018-10-07,2759,Bangkok,15829.21,0
ACC01153,2019-02-25,2618,Northeast,10694.38,0
ACC01154,2025-04-23,369,Northeast,7729.84,0
ACC01155,2022-01-14,1564,Bangkok,6912.53,0
ACC01156,2022-08-17,1349,Northeast,4809.67,0
ACC01157,2017-08-07,3185,Northeast,8732.26,0
ACC01158,2023-11-25,884,North,33318.99,0
ACC01159,2022-07-20,1377,Bangkok,52623.6,0
ACC01160,2022-08-17,1349,Northeast,59236.81,0
ACC01161,2026-02-26,60,Northeast,640.91,1
ACC01162,2019-11-13,2357,Bangkok,45585.97,0
ACC01163,2023-07-27,1005,Northeast,158328.71,0
ACC01164,2016-10-02,3494,South,43171.74,0
ACC01165,2025-07-30,271,Northeast,5253.62,0
ACC01166,2023-11-07,902,Bangkok,46956.6,0
ACC01167,2019-04-08,2576,Bangkok,27581.59,0
ACC01168,2024-11-10,533,North,193693.15,0
ACC01169,2023-07-15,1017,Central,18464.36,0
ACC01170,2017-10-14,3117,Bangkok,21787.6,0
ACC01171,2020-10-06,2029,Bangkok,40421.93,0
ACC01172,2017-11-10,3090,Central,88983.88,0
ACC01173,2020-12-31,1943,West,39270.91,0
ACC01174,2023-01-26,1187,North,69309.04,0
ACC01175,2017-09-15,3146,Bangkok,94408.39,0
ACC01176,2017-03-22,3323,Northeast,20673.47,0
ACC01177,2022-07-19,1378,Bangkok,88809.95,0
ACC01178,2024-02-19,798,Bangkok,2089.85,0
ACC01179,2019-05-19,2535,West,110169.03,0
ACC01180,2017-07-23,3200,West,84816.9,0
ACC01181,2024-01-05,843,North,27358.28,0
ACC01182,2021-04-30,1823,Bangkok,8309.16,0
ACC01183,2025-05-05,357,Northeast,24797.42,0
ACC01184,2024-08-19,616,Bangkok,94891.08,0
ACC01185,2016-11-12,3453,Northeast,6192.13,0
ACC01186,2019-07-19,2474,Bangkok,15412.34,0
ACC01187,2020-12-27,1947,Bangkok,20347.32,0
ACC01188,2019-12-29,2311,North,514064.29,0
ACC01189,2018-09-21,2775,Northeast,205577.57,0
ACC01190,2025-02-02,449,North,70551.16,0
ACC01191,2023-09-27,943,South,24898.3,0
ACC01192,2026-03-10,48,South,2477.01,1
ACC01193,2021-05-22,1801,Bangkok,10092.57,0
ACC01194,2024-10-13,561,Bangkok,8441.96,0
ACC01195,2018-02-06,3002,Bangkok,33709.71,0
ACC01196,2018-03-19,2961,Bangkok,162190.0,0
ACC01197,2017-06-05,3248,Central,34076.33,0
ACC01198,2021-06-05,1787,North,180909.65,0
ACC01199,2020-09-05,2060,Central,16976.4,0
ACC01200,2021-06-11,1781,North,4801.7,0
ACC01201,2019-01-24,2650,East,10571.08,0
ACC01202,2019-02-11,2632,East,44766.97,0
ACC01203,2016-08-05,3552,North,14663.92,0
ACC01204,2024-12-28,485,Northeast,32443.72,0
ACC01205,2018-10-31,2735,West,20923.16,0
ACC01206,2022-04-18,1470,West,86119.47,0
ACC01207,2023-04-12,1111,Bangkok,61262.3,0
ACC01208,2017-11-14,3086,Northeast,210750.32,0
ACC01209,2018-07-11,2847,South,24455.82,0
ACC01210,2022-06-12,1415,West,23775.86,0
ACC01211,2022-07-09,1388,West,63785.19,0
ACC01212,2018-03-31,2949,Bangkok,2605.91,0
ACC01213,2022-08-12,1354,East,12324.41,0
ACC01214,2021-02-25,1887,East,31562.64,0
ACC01215,2021-05-17,1806,East,26426.16,0
ACC01216,2026-02-07,79,Central,792.73,1
ACC01217,2018-06-20,2868,Bangkok,14284.5,0
ACC01218,2019-02-03,2640,Bangkok,76081.22,0
ACC01219,2017-07-23,3200,South,7048.55,0
ACC01220,2018-10-12,2754,Northeast,10166.67,0
ACC01221,2025-12-29,119,South,4346.21,0
ACC01222,2017-04-20,3294,West,28593.06,0
ACC01223,2021-03-16,1868,Northeast,26120.09,0
ACC01224,2016-07-08,3580,Central,48137.96,0
ACC01225,2017-05-20,3264,Central,4658.19,0
ACC01226,2018-01-11,3028,Bangkok,70156.03,0
ACC01227,2022-12-03,1241,Northeast,21969.28,0
ACC01228,2017-07-20,3203,Bangkok,544821.32,0
ACC01229,2023-04-12,1111,Bangkok,19176.33,0
ACC01230,2019-10-13,2388,Bangkok,20703.25,0
ACC01231,2023-03-17,1137,Northeast,338399.34,0
ACC01232,2024-07-11,655,North,182686.16,0
ACC01233,2020-04-12,2206,Northeast,32539.57,0
ACC01234,2023-10-19,921,East,15620.35,0
ACC01235,2023-03-24,1130,Bangkok,19812.37,0
ACC01236,2018-03-27,2953,Bangkok,1911.24,0
ACC01237,2025-10-06,203,North,36446.42,0
ACC01238,2026-03-01,57,South,3561.38,1
ACC01239,2019-10-03,2398,Bangkok,14613.99,0
ACC01240,2020-03-29,2220,Bangkok,22868.6,0
ACC01241,2020-03-13,2236,Bangkok,44847.91,0
ACC01242,2022-12-11,1233,Bangkok,3513.2,0
ACC01243,2018-01-15,3024,North,9550.0,0
ACC01244,2022-03-26,1493,Northeast,25169.96,0
ACC01245,2023-03-09,1145,North,54762.62,0
ACC01246,2025-12-14,134,Central,31248.91,0
ACC01247,2024-01-04,844,Bangkok,132621.33,0
ACC01248,2026-01-28,89,Northeast,949.89,1
ACC01249,2022-08-24,1342,Bangkok,278099.6,0
ACC01250,2017-01-31,3373,North,285377.89,0
ACC01251,2019-02-26,2617,South,23434.2,0
ACC01252,2023-07-15,1017,Bangkok,905.76,0
ACC01253,2017-05-27,3257,North,7792.84,0
ACC01254,2017-02-05,3368,Central,21128.03,0
ACC01255,2022-08-09,1357,East,23751.23,0
ACC01256,2023-05-14,1079,East,27275.77,0
ACC01257,2017-07-15,3208,Northeast,3586.33,0
ACC01258,2019-07-02,2491,Bangkok,259848.04,0
ACC01259,2017-05-25,3259,Bangkok,70699.04,0
ACC01260,2016-12-15,3420,Bangkok,41747.71,0
ACC01261,2018-06-01,2887,West,6588.13,0
ACC01262,2024-11-25,518,North,53174.99,0
ACC01263,2025-12-26,122,Bangkok,69297.96,0
ACC01264,2024-12-30,483,Central,65446.86,0
ACC01265,2024-05-30,697,South,6736.7,0
ACC01266,2023-12-29,850,Bangkok,29223.76,0
ACC01267,2019-11-20,2350,Bangkok,15627.62,0
ACC01268,2026-02-08,78,Bangkok,3193.96,1
ACC01269,2023-12-04,875,Northeast,14064.47,0
ACC01270,2016-07-22,3566,Bangkok,92295.21,0
ACC01271,2021-07-13,1749,West,39545.53,0
ACC01272,2019-07-29,2464,East,39784.15,0
ACC01273,2026-02-18,68,Bangkok,1963.99,1
ACC01274,2020-11-24,1980,Bangkok,19552.31,0
ACC01275,2023-08-15,986,Bangkok,28145.41,0
ACC01276,2016-11-15,3450,East,13363.1,0
ACC01277,2022-03-27,1492,Bangkok,27641.63,0
ACC01278,2020-04-25,2193,Central,19863.39,0
ACC01279,2016-06-26,3592,Bangkok,41939.5,0
ACC01280,2024-05-10,717,Bangkok,8489.01,0
ACC01281,2022-07-14,1383,Bangkok,28322.06,0
ACC01282,2021-07-17,1745,West,14183.16,0
ACC01283,2025-10-03,206,East,8159.12,0
ACC01284,2016-11-19,3446,Bangkok,431605.52,0
ACC01285,2016-08-06,3551,North,51848.41,0
ACC01286,2026-02-18,68,East,1574.09,0
ACC01287,2016-09-05,3521,Bangkok,23870.01,0
ACC01288,2026-02-03,83,Bangkok,16955.46,0
ACC01289,2021-03-20,1864,Bangkok,209432.12,0
ACC01290,2024-04-08,749,Northeast,220312.24,0
ACC01291,2026-02-06,80,South,27464.79,0
ACC01292,2018-01-20,3019,Bangkok,955853.92,0
ACC01293,2025-02-02,449,North,48999.97,0
ACC01294,2025-06-18,313,South,4192.48,0
ACC01295,2017-07-05,3218,Northeast,243308.27,0
ACC01296,2017-11-12,3088,Bangkok,4458.31,0
ACC01297,2019-06-13,2510,Central,2606.32,0
ACC01298,2026-02-27,59,Bangkok,4864.59,1
ACC01299,2023-04-04,1119,Central,8534.91,0
ACC01300,2020-10-29,2006,Bangkok,2401.56,0
ACC01301,2017-02-08,3365,Bangkok,14402.05,0
ACC01302,2017-08-12,3180,North,377.62,0
ACC01303,2024-07-07,659,Central,15884.91,0
ACC01304,2016-06-27,3591,Central,63819.94,0
ACC01305,2023-04-13,1110,North,100217.78,0
ACC01306,2025-05-09,353,North,138258.29,0
ACC01307,2017-08-18,3174,North,10472.76,0
ACC01308,2017-07-20,3203,Central,57759.21,0
ACC01309,2018-05-14,2905,Bangkok,40866.14,0
ACC01310,2025-12-24,124,Bangkok,16951.28,0
ACC01311,2016-10-13,3483,Bangkok,5059.78,0
ACC01312,2021-04-17,1836,Northeast,4092.35,0
ACC01313,2025-05-01,361,Bangkok,25253.08,0
ACC01314,2019-12-01,2339,Bangkok,36480.86,0
ACC01315,2022-08-04,1362,South,7811.58,0
ACC01316,2019-09-23,2408,East,35717.14,0
ACC01317,2017-11-26,3074,Northeast,23303.92,0
ACC01318,2025-02-15,436,Central,20149.74,0
ACC01319,2025-03-04,419,North,23107.76,0
ACC01320,2018-05-22,2897,North,29921.37,0
ACC01321,2017-01-18,3386,Bangkok,13523.83,0
ACC01322,2025-01-15,467,East,13210.42,0
ACC01323,2018-09-05,2791,Bangkok,35559.53,0
ACC01324,2021-05-16,1807,South,124537.03,0
ACC01325,2025-09-07,232,Bangkok,71697.07,0
ACC01326,2023-07-13,1019,North,49901.23,0
ACC01327,2025-06-02,329,North,7800.58,0
ACC01328,2017-02-16,3357,Bangkok,12038.65,0
ACC01329,2019-07-29,2464,Bangkok,19927.87,0
ACC01330,2025-10-24,185,East,7524.47,0
ACC01331,2022-02-25,1522,Bangkok,126580.65,0
ACC01332,2023-05-26,1067,Bangkok,20345.76,0
ACC01333,2018-05-05,2914,Bangkok,7943.4,0
ACC01334,2023-08-08,993,South,71767.49,0
ACC01335,2023-09-04,966,Bangkok,12071.86,0
ACC01336,2017-02-01,3372,Bangkok,47971.56,0
ACC01337,2024-05-02,725,Bangkok,125031.41,0
ACC01338,2016-05-15,3634,East,252702.04,0
ACC01339,2021-03-27,1857,Bangkok,18082.51,0
ACC01340,2019-04-10,2574,Central,12995.04,0
ACC01341,2019-12-02,2338,Bangkok,65582.19,0
ACC01342,2018-07-19,2839,Northeast,173272.47,0
ACC01343,2023-09-17,953,East,90081.71,0
ACC01344,2024-06-27,669,West,69570.55,0
ACC01345,2021-10-13,1657,Central,54040.68,0
ACC01346,2017-11-06,3094,Northeast,16965.74,0
ACC01347,2018-07-28,2830,Central,241542.56,0
ACC01348,2024-04-24,733,Bangkok,3907.45,0
ACC01349,2025-05-30,332,Bangkok,22988.8,0
ACC01350,2026-01-15,102,Bangkok,5878.55,0
ACC01351,2016-11-14,3451,Central,25342.63,0
ACC01352,2020-12-08,1966,Northeast,17007.37,0
ACC01353,2026-03-15,43,Central,10079.9,0
ACC01354,2023-12-05,874,Northeast,30904.26,0
ACC01355,2024-02-25,792,Bangkok,47580.52,0
ACC01356,2016-10-15,3481,East,4483.47,0
ACC01357,2022-01-08,1570,East,3301.11,0
ACC01358,2017-12-15,3055,Central,35312.12,0
ACC01359,2022-05-06,1452,East,27139.71,0
ACC01360,2018-09-01,2795,Bangkok,98088.52,0
ACC01361,2018-06-04,2884,Northeast,42158.95,0
ACC01362,2017-04-07,3307,Northeast,11469.71,0
ACC01363,2024-09-28,576,Bangkok,26220.23,0
ACC01364,2019-12-18,2322,North,5787.04,0
ACC01365,2021-12-24,1585,Central,4738.54,0
ACC01366,2019-04-06,2578,Northeast,46466.36,0
ACC01367,2016-11-08,3457,Bangkok,79673.6,0
ACC01368,2023-07-04,1028,Northeast,76966.89,0
ACC01369,2023-10-07,933,Bangkok,77829.36,0
ACC01370,2016-11-10,3455,West,74197.18,0
ACC01371,2024-12-03,510,Central,69427.81,0
ACC01372,2022-04-19,1469,Bangkok,21832.26,0
ACC01373,2022-07-17,1380,North,28178.66,0
ACC01374,2020-06-14,2143,Central,19846.57,0
ACC01375,2018-01-24,3015,Bangkok,88844.32,0
ACC01376,2019-05-06,2548,East,39309.66,0
ACC01377,2025-05-04,358,Bangkok,35276.0,0
ACC01378,2018-09-18,2778,North,4863.54,0
ACC01379,2022-02-25,1522,Bangkok,288325.76,0
ACC01380,2021-08-04,1727,Northeast,6225.7,0
ACC01381,2025-12-21,127,Bangkok,65167.87,0
ACC01382,2021-06-14,1778,Bangkok,20846.54,0
ACC01383,2018-02-28,2980,North,4705.08,0
ACC01384,2025-03-04,419,Bangkok,3017.79,0
ACC01385,2016-09-13,3513,South,1003.59,0
ACC01386,2019-03-24,2591,Central,18053.13,0
ACC01387,2023-12-09,870,East,51891.14,0
ACC01388,2017-04-03,3311,East,60393.25,0
ACC01389,2023-09-15,955,Northeast,28225.35,0
ACC01390,2024-09-09,595,South,1049.4,1
ACC01391,2023-10-26,914,Bangkok,18885.43,0
ACC01392,2017-10-29,3102,Northeast,13805.94,0
ACC01393,2026-04-15,12,South,2554.41,1
ACC01394,2024-06-16,680,Bangkok,27964.28,0
ACC01395,2019-01-22,2652,South,11226.94,0
ACC01396,2020-09-07,2058,Bangkok,122567.35,0
ACC01397,2018-05-12,2907,Northeast,23190.98,0
ACC01398,2017-04-17,3297,Bangkok,1663.25,0
ACC01399,2019-07-13,2480,Bangkok,8831.01,0
ACC01400,2022-08-25,1341,Northeast,21307.09,0
ACC01401,2017-07-26,3197,Bangkok,17726.09,0
ACC01402,2020-10-02,2033,Bangkok,8844.22,0
ACC01403,2019-10-19,2382,Bangkok,26148.1,0
ACC01404,2020-12-02,1972,Central,10559.34,0
ACC01405,2019-01-30,2644,North,5596.42,0
ACC01406,2019-11-01,2369,Bangkok,1485.84,0
ACC01407,2016-12-14,3421,Northeast,17552.48,0
ACC01408,2024-04-19,738,Central,47986.35,0
ACC01409,2022-11-10,1264,North,6271.1,0
ACC01410,2024-05-08,719,Northeast,23868.12,0
ACC01411,2022-04-17,1471,Bangkok,21031.78,0
ACC01412,2024-11-09,534,Bangkok,15989.95,0
ACC01413,2017-09-19,3142,Central,20396.44,0
ACC01414,2020-10-20,2015,South,25444.9,0
ACC01415,2018-03-08,2972,North,5876.0,0
ACC01416,2017-04-06,3308,Central,21593.7,0
ACC01417,2020-05-06,2182,Northeast,25130.36,0
ACC01418,2016-11-20,3445,East,5172.57,0
ACC01419,2025-08-06,264,Northeast,26507.44,0
ACC01420,2026-03-01,57,North,23573.32,0
ACC01421,2023-01-21,1192,West,61790.53,0
ACC01422,2024-10-08,566,Central,28620.18,0
ACC01423,2020-04-09,2209,Central,66568.06,0
ACC01424,2023-12-31,848,Central,26414.73,0
ACC01425,2021-09-29,1671,East,12379.0,0
ACC01426,2022-04-27,1461,East,3706.98,0
ACC01427,2019-03-18,2597,Northeast,72784.42,0
ACC01428,2019-12-16,2324,Bangkok,45244.26,0
ACC01429,2017-09-28,3133,Bangkok,6330.36,0
ACC01430,2016-09-11,3515,Northeast,27886.51,0
ACC01431,2019-05-20,2534,Northeast,53027.65,0
ACC01432,2017-07-03,3220,North,118127.05,0
ACC01433,2018-01-26,3013,Northeast,199949.56,0
ACC01434,2022-07-30,1367,Bangkok,2314.78,0
ACC01435,2025-10-18,191,Bangkok,49388.03,0
ACC01436,2023-05-26,1067,West,59420.42,0
ACC01437,2018-09-10,2786,West,12317.17,0
ACC01438,2023-06-21,1041,Northeast,5994.27,0
ACC01439,2022-07-29,1368,Central,1074.3,0
ACC01440,2021-02-12,1900,Bangkok,11024.49,0
ACC01441,2022-11-27,1247,West,16639.86,0
ACC01442,2018-05-26,2893,Bangkok,12469.3,0
ACC01443,2018-07-22,2836,North,8737.45,0
ACC01444,2022-01-29,1549,South,24217.02,0
ACC01445,2017-04-11,3303,Bangkok,8350.54,0
ACC01446,2018-08-18,2809,South,4488.47,0
ACC01447,2020-03-25,2224,Central,5867.97,0
ACC01448,2025-03-25,398,Central,6851.77,0
ACC01449,2018-12-16,2689,Bangkok,7028.86,0
ACC01450,2023-07-05,1027,Northeast,31492.52,0
ACC01451,2023-08-20,981,Northeast,85034.69,0
ACC01452,2023-09-12,958,North,97086.43,0
ACC01453,2026-03-07,51,Bangkok,56781.22,0
ACC01454,2018-05-30,2889,South,6015.79,0
ACC01455,2021-04-23,1830,East,10971.61,0
ACC01456,2024-09-17,587,Central,24875.24,0
ACC01457,2022-10-09,1296,Bangkok,6387.57,0
ACC01458,2021-01-30,1913,East,10988.93,0
ACC01459,2021-08-28,1703,Northeast,7251.89,0
ACC01460,2016-06-17,3601,Central,36015.88,0
ACC01461,2022-07-13,1384,East,114788.68,0
ACC01462,2022-02-27,1520,Bangkok,21068.95,0
ACC01463,2024-08-31,604,North,5802.53,0
ACC01464,2021-04-24,1829,Central,17640.47,0
ACC01465,2019-07-02,2491,South,28652.05,0
ACC01466,2021-03-31,1853,Bangkok,31145.73,0
ACC01467,2021-11-27,1612,Central,14091.85,0
ACC01468,2025-03-16,407,Bangkok,69887.3,0
ACC01469,2019-03-27,2588,South,116834.42,0
ACC01470,2025-09-23,216,Bangkok,18967.14,0
ACC01471,2018-03-14,2966,Northeast,43925.31,0
ACC01472,2022-01-11,1567,Bangkok,68743.37,0
ACC01473,2018-04-21,2928,Northeast,38194.71,0
ACC01474,2022-03-08,1511,Bangkok,15743.02,0
ACC01475,2023-12-12,867,East,63682.92,0
ACC01476,2024-04-04,753,Bangkok,3124.25,0
ACC01477,2018-03-26,2954,Central,50427.11,0
ACC01478,2018-12-23,2682,Central,10859.14,0
ACC01479,2022-11-03,1271,Bangkok,16535.77,0
ACC01480,2025-08-15,255,Bangkok,104863.44,0
ACC01481,2020-01-14,2295,Bangkok,10945.56,0
ACC01482,2024-07-22,644,Bangkok,24719.43,0
ACC01483,2019-11-04,2366,Bangkok,52309.21,0
ACC01484,2023-07-18,1014,Central,525594.82,0
ACC01485,2018-11-26,2709,Central,4475.1,0
ACC01486,2026-01-06,111,Bangkok,531.8,1
ACC01487,2019-09-19,2412,Bangkok,12206.42,0
ACC01488,2023-08-16,985,Northeast,8743.21,0
ACC01489,2016-09-06,3520,Bangkok,20489.2,0
ACC01490,2026-01-15,102,Bangkok,13082.98,0
ACC01491,2016-10-16,3480,East,53682.26,0
ACC01492,2016-08-05,3552,Bangkok,13227.03,0
ACC01493,2026-03-16,42,Bangkok,4742.84,1
ACC01494,2022-02-26,1521,Northeast,29354.38,0
ACC01495,2018-08-23,2804,Bangkok,5158.65,0
ACC01496,2017-01-23,3381,Bangkok,27965.8,0
ACC01497,2019-02-06,2637,Bangkok,9587.12,0
ACC01498,2021-04-13,1840,Bangkok,6617.97,0
ACC01499,2023-12-03,876,Central,28254.39,0
ACC01500,2021-03-12,1872,South,108267.71,0
ACC01501,2019-04-13,2571,North,368227.78,0
ACC01502,2023-08-20,981,East,19190.82,0
ACC01503,2019-11-30,2340,Bangkok,13824.36,0
ACC01504,2018-12-07,2698,East,15864.56,0
ACC01505,2025-05-26,336,Northeast,11698.98,0
ACC01506,2019-06-16,2507,Central,21275.05,0
ACC01507,2016-09-22,3504,Central,12446.5,0
ACC01508,2024-09-04,600,Bangkok,10130.55,0
ACC01509,2020-04-30,2188,East,130083.65,0
ACC01510,2023-08-31,970,Central,27373.75,0
ACC01511,2020-03-21,2228,Northeast,9328.5,0
ACC01512,2019-09-04,2427,Bangkok,13976.47,0
ACC01513,2026-01-06,111,North,92975.82,0
ACC01514,2020-09-23,2042,Northeast,49824.36,0
ACC01515,2024-09-18,586,North,36381.82,0
ACC01516,2017-10-11,3120,Central,12006.61,0
ACC01517,2026-03-18,40,Bangkok,929.35,1
ACC01518,2018-02-18,2990,West,39945.73,0
ACC01519,2018-08-09,2818,Central,32627.27,0
ACC01520,2020-03-28,2221,North,13803.13,0
ACC01521,2019-03-01,2614,Northeast,77196.25,0
ACC01522,2023-05-03,1090,Northeast,40452.77,0
ACC01523,2025-12-06,142,North,20629.24,0
ACC01524,2021-04-18,1835,Bangkok,11854.86,0
ACC01525,2018-03-30,2950,Bangkok,8209.9,0
ACC01526,2022-05-27,1431,Bangkok,248075.78,0
ACC01527,2016-09-07,3519,Central,36530.54,0
ACC01528,2025-04-27,365,North,140557.2,0
ACC01529,2018-12-03,2702,Bangkok,19149.11,0
ACC01530,2020-03-18,2231,Central,8209.79,0
ACC01531,2021-09-16,1684,East,157029.79,0
ACC01532,2024-06-23,673,Bangkok,31490.06,0
ACC01533,2024-10-28,546,North,7398.34,0
ACC01534,2021-11-06,1633,North,29443.84,0
ACC01535,2021-05-25,1798,Northeast,15946.21,0
ACC01536,2025-04-03,389,Bangkok,54391.61,0
ACC01537,2025-07-21,280,East,81374.07,0
ACC01538,2021-09-02,1698,Central,22165.5,0
ACC01539,2022-10-26,1279,East,26368.31,0
ACC01540,2022-12-23,1221,North,91142.44,0
ACC01541,2021-10-11,1659,South,15721.37,0
ACC01542,2017-05-29,3255,Northeast,54265.89,0
ACC01543,2023-11-30,879,Central,2834.1,0
ACC01544,2024-05-22,705,Northeast,42705.56,0
ACC01545,2018-10-25,2741,Bangkok,22293.0,0
ACC01546,2026-03-05,53,Northeast,3709.6,1
ACC01547,2017-11-29,3071,South,24887.4,0
ACC01548,2018-08-12,2815,South,78441.58,0
ACC01549,2019-03-04,2611,Northeast,175583.39,0
ACC01550,2020-07-19,2108,South,22237.98,0
ACC01551,2024-06-21,675,Northeast,53953.19,0
ACC01552,2024-01-17,831,Central,7730.91,0
ACC01553,2021-04-28,1825,Bangkok,3494.14,0
ACC01554,2016-07-05,3583,Bangkok,55346.94,0
ACC01555,2021-06-20,1772,Bangkok,147385.12,0
ACC01556,2025-04-21,371,Central,2012.8,0
ACC01557,2021-02-28,1884,North,6213.23,0
ACC01558,2018-08-25,2802,Bangkok,53322.27,0
ACC01559,2023-05-13,1080,Bangkok,23658.16,0
ACC01560,2018-05-05,2914,Bangkok,36871.61,0
ACC01561,2021-12-02,1607,Northeast,6849.04,0
ACC01562,2019-03-02,2613,Central,75272.87,0
ACC01563,2022-09-30,1305,Bangkok,8243.7,0
ACC01564,2020-10-08,2027,Bangkok,32312.19,0
ACC01565,2018-10-28,2738,Northeast,117782.77,0
ACC01566,2020-08-26,2070,Bangkok,145015.16,0
ACC01567,2020-12-13,1961,Bangkok,41675.97,0
ACC01568,2026-04-19,8,Bangkok,3579.05,1
ACC01569,2018-08-11,2816,Central,21480.87,0
ACC01570,2019-07-12,2481,Northeast,109402.29,0
ACC01571,2016-11-29,3436,West,27718.27,0
ACC01572,2019-04-29,2555,East,15042.93,0
ACC01573,2017-01-03,3401,North,1212.28,0
ACC01574,2017-04-09,3305,Central,7145.14,0
ACC01575,2021-12-07,1602,Northeast,14360.46,0
ACC01576,2019-07-21,2472,Bangkok,12113.53,0
ACC01577,2016-08-02,3555,East,78908.94,0
ACC01578,2025-09-12,227,South,95002.69,0
ACC01579,2018-07-28,2830,Northeast,11213.39,0
ACC01580,2021-09-22,1678,Bangkok,26114.17,0
ACC01581,2024-06-28,668,Central,21115.52,0
ACC01582,2018-04-10,2939,Bangkok,13308.0,0
ACC01583,2024-09-17,587,Northeast,62805.84,0
ACC01584,2020-10-23,2012,North,17921.64,0
ACC01585,2023-10-06,934,Bangkok,2686.08,0
ACC01586,2023-06-02,1060,Bangkok,41972.87,0
ACC01587,2020-06-18,2139,North,4401.02,0
ACC01588,2018-11-02,2733,South,22430.39,0
ACC01589,2024-02-25,792,South,15342.53,0
ACC01590,2024-05-29,698,Northeast,27233.01,0
ACC01591,2020-09-21,2044,Central,29564.61,0
ACC01592,2025-01-25,457,North,61710.9,0
ACC01593,2018-01-30,3009,Northeast,3104.03,0
ACC01594,2025-06-09,322,North,2317.26,1
ACC01595,2023-11-27,882,Bangkok,6074.4,0
ACC01596,2017-11-30,3070,Central,5593.99,0
ACC01597,2017-08-17,3175,Bangkok,191111.71,0
ACC01598,2023-11-06,903,Northeast,7937.67,0
ACC01599,2021-08-14,1717,Bangkok,15020.79,0
ACC01600,2022-07-18,1379,South,61443.94,0
ACC01601,2024-12-01,512,Bangkok,12612.7,0
ACC01602,2019-01-28,2646,Northeast,30259.72,0
ACC01603,2024-08-03,632,Northeast,24613.46,0
ACC01604,2019-09-14,2417,South,6566.49,0
ACC01605,2018-07-22,2836,Bangkok,7148.16,0
ACC01606,2023-10-18,922,South,54619.51,0
ACC01607,2022-07-24,1373,South,36223.02,0
ACC01608,2019-11-19,2351,Central,26002.77,0
ACC01609,2016-11-02,3463,South,4289.62,0
ACC01610,2018-04-06,2943,Bangkok,1057.49,0
ACC01611,2016-11-05,3460,Bangkok,49350.77,0
ACC01612,2018-05-28,2891,East,23715.46,0
ACC01613,2021-11-18,1621,North,42344.8,0
ACC01614,2025-07-04,297,South,66240.96,0
ACC01615,2018-05-15,2904,North,123428.85,0
ACC01616,2018-01-30,3009,Central,10619.66,0
ACC01617,2023-05-27,1066,Northeast,63738.93,0
ACC01618,2018-02-22,2986,North,42669.72,0
ACC01619,2022-12-30,1214,North,10761.42,0
ACC01620,2024-06-07,689,Bangkok,5846.37,0
ACC01621,2017-06-28,3225,Bangkok,49934.7,0
ACC01622,2019-10-03,2398,South,55100.57,0
ACC01623,2020-07-03,2124,Bangkok,34639.87,0
ACC01624,2019-02-26,2617,Bangkok,20178.23,0
ACC01625,2023-10-28,912,West,9432.27,0
ACC01626,2017-03-16,3329,Bangkok,240266.29,0
ACC01627,2024-07-02,664,Bangkok,4530.94,1
ACC01628,2017-06-08,3245,Bangkok,184210.59,0
ACC01629,2023-02-20,1162,Northeast,56113.33,0
ACC01630,2025-09-22,217,Northeast,174580.42,0
ACC01631,2016-08-10,3547,East,8149.4,0
ACC01632,2024-09-02,602,East,22975.36,0
ACC01633,2025-06-21,310,South,13537.92,0
ACC01634,2019-06-24,2499,North,31403.06,0
ACC01635,2024-06-23,673,Central,182412.65,0
ACC01636,2024-03-08,780,Bangkok,35792.71,0
ACC01637,2026-03-15,43,Central,7966.27,0
ACC01638,2022-06-30,1397,West,71361.34,0
ACC01639,2024-10-24,550,Bangkok,11122.66,0
ACC01640,2018-04-28,2921,Central,193139.43,0
ACC01641,2025-06-20,311,East,53059.44,0
ACC01642,2026-03-08,50,North,5561.65,0
ACC01643,2019-04-16,2568,Central,15819.97,0
ACC01644,2019-03-01,2614,Northeast,5229.44,0
ACC01645,2024-08-18,617,Central,11155.04,0
ACC01646,2024-02-18,799,Bangkok,6121.61,0
ACC01647,2019-10-28,2373,Bangkok,43067.49,0
ACC01648,2017-09-01,3160,South,9814.85,0
ACC01649,2019-05-21,2533,Bangkok,29608.17,0
ACC01650,2019-02-02,2641,Northeast,18415.96,0
ACC01651,2023-08-24,977,Bangkok,9064.77,0
ACC01652,2018-02-26,2982,Northeast,30401.3,0
ACC01653,2020-10-30,2005,South,217792.92,0
ACC01654,2022-04-23,1465,North,23331.15,0
ACC01655,2024-02-12,805,Bangkok,106312.77,0
ACC01656,2018-10-24,2742,Bangkok,164674.29,0
ACC01657,2020-11-24,1980,North,142702.63,0
ACC01658,2023-05-05,1088,Bangkok,22771.52,0
ACC01659,2018-03-24,2956,Central,144152.76,0
ACC01660,2026-02-19,67,North,7910.16,0
ACC01661,2023-09-16,954,Bangkok,19008.73,0
ACC01662,2023-07-23,1009,Bangkok,46094.13,0
ACC01663,2021-07-01,1761,North,14756.17,0
ACC01664,2023-02-11,1171,Central,44691.18,0
ACC01665,2024-10-24,550,West,45587.92,0
ACC01666,2018-06-27,2861,West,33996.47,0
ACC01667,2017-11-14,3086,South,4905.7,0
ACC01668,2019-03-19,2596,North,36729.79,0
ACC01669,2018-11-28,2707,South,22408.56,0
ACC01670,2026-03-28,30,Bangkok,130181.08,0
ACC01671,2023-05-13,1080,Northeast,38250.61,0
ACC01672,2016-06-20,3598,North,15311.54,0
ACC01673,2022-10-18,1287,Bangkok,62291.73,0
ACC01674,2019-09-18,2413,Bangkok,175884.83,0
ACC01675,2018-07-29,2829,Bangkok,3673.42,0
ACC01676,2018-01-19,3020,North,47327.48,0
ACC01677,2019-11-06,2364,North,99481.17,0
ACC01678,2018-02-13,2995,Bangkok,41701.83,0
ACC01679,2016-11-14,3451,North,39830.34,0
ACC01680,2018-03-04,2976,South,53453.78,0
ACC01681,2020-04-28,2190,Northeast,255654.3,0
ACC01682,2021-02-07,1905,Bangkok,9414.95,0
ACC01683,2023-10-27,913,Bangkok,21523.22,0
ACC01684,2025-02-26,425,Bangkok,2687.24,0
ACC01685,2019-03-12,2603,West,20571.57,0
ACC01686,2018-02-20,2988,Northeast,115394.23,0
ACC01687,2019-01-04,2670,Central,22862.51,0
ACC01688,2023-02-17,1165,Bangkok,12615.92,0
ACC01689,2025-02-23,428,Central,4476.06,0
ACC01690,2022-05-10,1448,West,17311.81,0
ACC01691,2016-08-01,3556,East,3483.05,0
ACC01692,2022-01-27,1551,Central,46113.01,0
ACC01693,2016-04-30,3649,Bangkok,25149.38,0
ACC01694,2020-06-02,2155,Bangkok,158571.56,0
ACC01695,2018-03-24,2956,South,4393.02,0
ACC01696,2021-03-31,1853,Bangkok,21983.27,0
ACC01697,2024-02-05,812,Bangkok,33895.97,0
ACC01698,2025-11-18,160,Northeast,13623.38,0
ACC01699,2019-09-26,2405,Northeast,16604.88,0
ACC01700,2016-06-19,3599,South,47046.38,0
ACC01701,2025-08-17,253,Bangkok,10520.25,0
ACC01702,2017-06-25,3228,Bangkok,33537.19,0
ACC01703,2018-08-04,2823,North,6324.04,0
ACC01704,2020-02-17,2261,Northeast,8896.35,0
ACC01705,2017-01-29,3375,Bangkok,84414.11,0
ACC01706,2024-10-03,571,North,12786.26,0
ACC01707,2025-08-14,256,Central,4872.42,0
ACC01708,2023-12-27,852,Central,6191.68,0
ACC01709,2018-09-10,2786,Central,87389.89,0
ACC01710,2022-04-14,1474,South,71469.36,0
ACC01711,2018-01-26,3013,Central,9071.71,0
ACC01712,2025-04-21,371,Central,18123.57,0
ACC01713,2017-03-24,3321,East,33220.2,0
ACC01714,2024-10-24,550,North,35647.37,0
ACC01715,2022-08-03,1363,South,9983.65,0
ACC01716,2026-03-02,56,Bangkok,3481.35,1
ACC01717,2018-08-06,2821,Bangkok,13596.37,0
ACC01718,2021-03-31,1853,Bangkok,29512.25,0
ACC01719,2019-07-28,2465,Bangkok,41965.96,0
ACC01720,2023-12-29,850,Northeast,6220.35,0
ACC01721,2019-05-12,2542,East,2293.33,0
ACC01722,2018-09-22,2774,East,9739.98,0
ACC01723,2020-01-18,2291,East,8760.1,0
ACC01724,2018-02-07,3001,Central,45991.95,0
ACC01725,2023-03-05,1149,Bangkok,59757.52,0
ACC01726,2026-04-12,15,Bangkok,3697.98,1
ACC01727,2025-02-09,442,Northeast,125876.97,0
ACC01728,2016-07-28,3560,Bangkok,16821.96,0
ACC01729,2023-03-31,1123,Bangkok,38962.02,0
ACC01730,2021-08-23,1708,East,32457.77,0
ACC01731,2018-10-09,2757,North,63559.5,0
ACC01732,2016-05-22,3627,East,12834.33,0
ACC01733,2017-03-14,3331,East,167303.43,0
ACC01734,2024-09-16,588,Bangkok,23334.82,0
ACC01735,2020-10-31,2004,Bangkok,9143.23,0
ACC01736,2018-10-13,2753,Central,12217.25,0
ACC01737,2017-04-17,3297,Bangkok,61054.52,0
ACC01738,2025-12-17,131,Bangkok,2655.96,0
ACC01739,2023-07-23,1009,Central,107534.27,0
ACC01740,2022-06-03,1424,Bangkok,11077.57,0
ACC01741,2016-07-21,3567,Central,60089.38,0
ACC01742,2025-01-27,455,Northeast,19659.11,0
ACC01743,2024-07-16,650,Northeast,2861.49,1
ACC01744,2024-08-25,610,South,28917.97,0
ACC01745,2023-06-24,1038,Bangkok,9867.06,0
ACC01746,2025-09-24,215,Northeast,129553.4,0
ACC01747,2024-03-28,760,Bangkok,39676.07,0
ACC01748,2017-05-24,3260,West,28209.93,0
ACC01749,2019-03-04,2611,Northeast,23614.76,0
ACC01750,2019-12-02,2338,West,66580.15,0
ACC01751,2020-12-24,1950,West,2100.37,0
ACC01752,2018-07-28,2830,Bangkok,2795.81,0
ACC01753,2024-06-18,678,Central,10446.76,0
ACC01754,2021-08-28,1703,East,36678.99,0
ACC01755,2020-04-08,2210,Bangkok,32755.98,0
ACC01756,2021-10-01,1669,Central,3396.35,0
ACC01757,2018-12-15,2690,Northeast,143265.69,0
ACC01758,2025-07-26,275,Bangkok,4216.65,0
ACC01759,2020-09-19,2046,East,47942.84,0
ACC01760,2017-10-31,3100,West,106822.07,0
ACC01761,2018-08-22,2805,Bangkok,64116.68,0
ACC01762,2018-07-23,2835,Bangkok,225715.6,0
ACC01763,2023-11-24,885,South,76564.4,0
ACC01764,2016-06-12,3606,Bangkok,37521.01,0
ACC01765,2021-08-08,1723,South,37439.77,0
ACC01766,2022-08-19,1347,Bangkok,83267.98,0
ACC01767,2019-03-18,2597,North,15606.96,0
ACC01768,2024-10-12,562,North,5141.13,0
ACC01769,2023-08-30,971,Central,69858.37,0
ACC01770,2021-09-02,1698,Bangkok,11187.27,0
ACC01771,2026-01-30,87,Bangkok,96105.59,0
ACC01772,2019-09-20,2411,Northeast,23343.23,0
ACC01773,2019-02-05,2638,West,10146.08,0
ACC01774,2021-06-14,1778,North,67471.12,0
ACC01775,2023-12-01,878,Bangkok,3708.41,0
ACC01776,2025-02-16,435,South,115628.84,0
ACC01777,2021-04-12,1841,Central,51778.27,0
ACC01778,2024-11-18,525,Northeast,126966.46,0
ACC01779,2022-11-21,1253,Bangkok,113729.99,0
ACC01780,2019-06-27,2496,Bangkok,8077.64,0
ACC01781,2026-02-09,77,Bangkok,1803.88,1
ACC01782,2019-10-21,2380,Central,201988.17,0
ACC01783,2017-01-20,3384,Central,12403.32,0
ACC01784,2020-12-21,1953,Bangkok,19050.45,0
ACC01785,2022-01-17,1561,Northeast,11706.43,0
ACC01786,2024-04-27,730,Bangkok,9474.91,0
ACC01787,2020-03-18,2231,Central,17554.32,0
ACC01788,2019-03-05,2610,Northeast,14384.4,0
ACC01789,2023-03-15,1139,West,5486.04,0
ACC01790,2024-05-13,714,Bangkok,2242894.53,0
ACC01791,2019-07-29,2464,North,53702.72,0
ACC01792,2019-11-08,2362,North,26530.33,0
ACC01793,2017-01-24,3380,Central,12098.58,0
ACC01794,2021-05-11,1812,Northeast,89942.24,0
ACC01795,2018-05-26,2893,Central,4516.32,0
ACC01796,2020-10-11,2024,North,169742.09,0
ACC01797,2019-09-21,2410,North,1273.09,0
ACC01798,2024-02-18,799,East,31578.46,0
ACC01799,2016-11-10,3455,Central,26850.17,0
ACC01800,2021-08-04,1727,Bangkok,44809.57,0
ACC01801,2021-12-23,1586,Bangkok,22646.63,0
ACC01802,2016-09-02,3524,Central,58646.75,0
ACC01803,2025-05-23,339,East,23062.44,0
ACC01804,2019-12-16,2324,Central,208485.49,0
ACC01805,2016-06-05,3613,Central,42439.18,0
ACC01806,2020-04-27,2191,Bangkok,49126.89,0
ACC01807,2024-08-15,620,Bangkok,38105.12,0
ACC01808,2017-04-10,3304,East,7560.11,0
ACC01809,2026-03-10,48,West,18987.31,0
ACC01810,2021-11-01,1638,Bangkok,14743.99,0
ACC01811,2018-12-07,2698,Bangkok,33125.6,0
ACC01812,2020-07-11,2116,Bangkok,6850.72,0
ACC01813,2024-06-17,679,East,4243.53,0
ACC01814,2017-09-09,3152,Northeast,5081.93,0
ACC01815,2020-06-19,2138,Bangkok,5373.78,0
ACC01816,2019-09-08,2423,Northeast,5104.17,0
ACC01817,2023-09-20,950,Northeast,40460.51,0
ACC01818,2025-02-22,429,Bangkok,72102.44,0
ACC01819,2019-09-26,2405,Bangkok,22916.96,0
ACC01820,2023-08-22,979,Northeast,27524.48,0
ACC01821,2020-09-30,2035,Northeast,46887.81,0
ACC01822,2022-01-30,1548,North,19929.15,0
ACC01823,2022-10-05,1300,Central,77651.11,0
ACC01824,2024-05-13,714,Bangkok,8648.18,0
ACC01825,2024-12-24,489,Northeast,50016.2,0
ACC01826,2021-09-12,1688,Bangkok,13527.37,0
ACC01827,2018-05-17,2902,Bangkok,151625.52,0
ACC01828,2024-09-03,601,South,42985.34,0
ACC01829,2026-01-19,98,Central,32727.64,0
ACC01830,2016-08-22,3535,Northeast,20327.72,0
ACC01831,2026-02-18,68,Bangkok,995.23,1
ACC01832,2023-02-18,1164,South,5826.68,0
ACC01833,2017-02-04,3369,North,34755.55,0
ACC01834,2017-12-09,3061,Bangkok,4800.0,0
ACC01835,2017-12-10,3060,East,17601.76,0
ACC01836,2016-11-06,3459,Bangkok,22108.14,0
ACC01837,2023-09-05,965,West,58511.71,0
ACC01838,2020-11-19,1985,Bangkok,61636.15,0
ACC01839,2022-07-26,1371,Bangkok,16789.45,0
ACC01840,2020-11-26,1978,Central,93630.57,0
ACC01841,2024-07-24,642,Bangkok,261719.84,0
ACC01842,2019-02-05,2638,Central,5623.88,0
ACC01843,2021-11-22,1617,North,97415.01,0
ACC01844,2020-11-26,1978,Bangkok,11833.57,0
ACC01845,2018-12-01,2704,Northeast,36174.94,0
ACC01846,2019-05-01,2553,Northeast,4413.6,0
ACC01847,2025-11-26,152,Northeast,54302.18,0
ACC01848,2020-04-04,2214,Bangkok,81348.55,0
ACC01849,2024-01-15,833,Bangkok,25970.88,0
ACC01850,2021-05-08,1815,Bangkok,12111.52,0
ACC01851,2022-08-09,1357,Central,47507.38,0
ACC01852,2017-10-30,3101,Bangkok,112116.5,0
ACC01853,2023-07-18,1014,Bangkok,33232.06,0
ACC01854,2025-06-30,301,South,24401.06,0
ACC01855,2016-08-12,3545,Bangkok,101556.28,0
ACC01856,2022-02-23,1524,North,9452.04,0
ACC01857,2025-11-14,164,South,4552.2,0
ACC01858,2022-06-29,1398,Northeast,8439.91,0
ACC01859,2017-11-19,3081,Bangkok,25700.38,0
ACC01860,2021-09-16,1684,Bangkok,17601.05,0
ACC01861,2020-10-10,2025,North,5287.56,0
ACC01862,2026-01-14,103,Central,4137.79,1
ACC01863,2021-08-20,1711,Bangkok,9078.31,0
ACC01864,2018-02-17,2991,Central,27168.12,0
ACC01865,2016-09-03,3523,South,39875.4,0
ACC01866,2021-02-28,1884,Central,20523.83,0
ACC01867,2022-12-30,1214,Bangkok,10866.98,0
ACC01868,2017-04-29,3285,Northeast,1770.29,0
ACC01869,2016-05-09,3640,Central,23608.33,0
ACC01870,2017-09-13,3148,Bangkok,16057.21,0
ACC01871,2024-05-18,709,Northeast,1339.57,1
ACC01872,2026-03-19,39,Bangkok,16375.95,0
ACC01873,2021-03-04,1880,Bangkok,20979.77,0
ACC01874,2022-08-28,1338,North,5669.94,0
ACC01875,2020-12-12,1962,South,145419.44,0
ACC01876,2021-07-17,1745,Northeast,24251.61,0
ACC01877,2025-11-28,150,Bangkok,9517.75,0
ACC01878,2023-06-02,1060,Northeast,139936.35,0
ACC01879,2021-08-21,1710,Central,126250.77,0
ACC01880,2023-08-17,984,Northeast,6913.69,0
ACC01881,2023-09-02,968,Bangkok,38794.19,0
ACC01882,2023-07-12,1020,Northeast,84561.71,0
ACC01883,2023-08-28,973,Central,29060.43,0
ACC01884,2023-06-18,1044,Central,27429.33,0
ACC01885,2024-06-25,671,Bangkok,157532.39,0
ACC01886,2021-08-30,1701,West,55469.54,0
ACC01887,2020-08-26,2070,Northeast,20452.96,0
ACC01888,2023-11-26,883,North,7886.32,0
ACC01889,2018-04-05,2944,Bangkok,37847.28,0
ACC01890,2022-04-13,1475,Bangkok,16981.74,0
ACC01891,2023-09-02,968,Bangkok,184418.1,0
ACC01892,2020-05-18,2170,Bangkok,6455.25,0
ACC01893,2022-04-23,1465,Bangkok,7135.29,0
ACC01894,2024-10-24,550,Northeast,292519.74,0
ACC01895,2024-06-07,689,Northeast,14479.16,0
ACC01896,2020-04-14,2204,Bangkok,10847.28,0
ACC01897,2020-10-11,2024,Bangkok,55601.52,0
ACC01898,2016-09-07,3519,South,51823.45,0
ACC01899,2016-12-31,3404,Central,117730.37,0
ACC01900,2020-01-31,2278,Bangkok,239080.88,0
ACC01901,2023-06-17,1045,North,54563.6,0
ACC01902,2026-01-20,97,Bangkok,183969.66,0
ACC01903,2017-04-23,3291,West,88816.24,0
ACC01904,2018-04-29,2920,Central,12276.59,0
ACC01905,2016-06-13,3605,South,14956.81,0
ACC01906,2020-12-20,1954,North,16516.6,0
ACC01907,2018-07-05,2853,North,10697.18,0
ACC01908,2016-11-15,3450,Bangkok,323738.59,0
ACC01909,2017-07-26,3197,Bangkok,22436.73,0
ACC01910,2025-04-02,390,East,18002.89,0
ACC01911,2022-04-28,1460,North,39868.11,0
ACC01912,2026-02-27,59,South,3140.38,1
ACC01913,2020-08-16,2080,Bangkok,57090.3,0
ACC01914,2025-07-02,299,Bangkok,7014.08,0
ACC01915,2021-12-18,1591,Northeast,58816.73,0
ACC01916,2025-11-30,148,East,28554.8,0
ACC01917,2025-11-11,167,Northeast,26083.64,0
ACC01918,2026-01-31,86,Bangkok,3862.94,1
ACC01919,2026-02-02,84,Bangkok,2259.77,1
ACC01920,2021-03-09,1875,North,10995.53,0
ACC01921,2020-10-26,2009,Central,9194.83,0
ACC01922,2024-04-24,733,Bangkok,8438.86,0
ACC01923,2017-08-26,3166,South,19511.39,0
ACC01924,2025-05-02,360,Northeast,898.22,1
ACC01925,2021-03-27,1857,Bangkok,12052.71,0
ACC01926,2017-07-23,3200,Northeast,31264.36,0
ACC01927,2025-08-09,261,South,11485.97,0
ACC01928,2021-01-09,1934,West,12033.53,0
ACC01929,2025-05-15,347,East,11966.35,0
ACC01930,2017-06-02,3251,Bangkok,13963.24,0
ACC01931,2022-10-24,1281,East,77271.16,0
ACC01932,2020-09-14,2051,East,16011.72,0
ACC01933,2016-05-19,3630,Bangkok,61356.45,0
ACC01934,2024-12-14,499,Bangkok,867450.96,0
ACC01935,2016-06-20,3598,East,12565.93,0
ACC01936,2024-10-02,572,Bangkok,6881.36,0
ACC01937,2020-04-12,2206,East,5186.58,0
ACC01938,2018-07-02,2856,Bangkok,24837.62,0
ACC01939,2025-01-05,477,North,4739.91,1
ACC01940,2018-06-13,2875,Northeast,2669.14,0
ACC01941,2017-12-14,3056,Central,21933.94,0
ACC01942,2024-07-30,636,Bangkok,2136.5,0
ACC01943,2019-06-11,2512,Northeast,3183.21,0
ACC01944,2024-09-12,592,Central,467988.94,0
ACC01945,2020-04-18,2200,Bangkok,16572.63,0
ACC01946,2023-06-04,1058,Bangkok,76465.13,0
ACC01947,2019-02-07,2636,North,25508.24,0
ACC01948,2026-02-18,68,Bangkok,1398.53,1
ACC01949,2022-11-28,1246,North,53922.64,0
ACC01950,2018-03-31,2949,Central,1137.24,0
ACC01951,2025-02-23,428,Central,53664.1,0
ACC01952,2025-09-02,237,West,3867.74,0
ACC01953,2020-06-24,2133,Bangkok,39156.82,0
ACC01954,2024-10-07,567,North,31740.19,0
ACC01955,2017-06-23,3230,Bangkok,12188.55,0
ACC01956,2020-10-12,2023,Bangkok,2944.55,0
ACC01957,2026-02-03,83,Bangkok,4373.29,1
ACC01958,2023-02-16,1166,Bangkok,4565.82,0
ACC01959,2020-12-25,1949,South,62359.76,0
ACC01960,2026-01-16,101,Bangkok,98274.59,0
ACC01961,2020-03-30,2219,Northeast,57131.88,0
ACC01962,2021-01-21,1922,Northeast,126372.2,0
ACC01963,2022-11-13,1261,Central,248714.0,0
ACC01964,2020-09-14,2051,Northeast,41522.05,0
ACC01965,2018-02-25,2983,Bangkok,9306.77,0
ACC01966,2019-06-23,2500,Bangkok,1420.87,0
ACC01967,2017-05-01,3283,Northeast,92448.16,0
ACC01968,2018-06-16,2872,Bangkok,9576.09,0
ACC01969,2023-09-22,948,Northeast,886163.7,0
ACC01970,2019-10-15,2386,Bangkok,11670.76,0
ACC01971,2022-02-20,1527,Bangkok,37987.78,0
ACC01972,2025-06-24,307,Central,4855.18,0
ACC01973,2018-09-20,2776,Central,61186.54,0
ACC01974,2023-03-02,1152,Bangkok,2726.63,0
ACC01975,2020-03-23,2226,Central,20177.38,0
ACC01976,2021-11-20,1619,North,2901.93,0
ACC01977,2022-05-25,1433,East,6740.28,0
ACC01978,2018-09-21,2775,North,9291.99,0
ACC01979,2016-10-13,3483,Central,17092.53,0
ACC01980,2020-03-24,2225,North,164085.43,0
ACC01981,2023-03-19,1135,Bangkok,2209.67,0
ACC01982,2025-04-21,371,Northeast,21482.23,0
ACC01983,2025-04-25,367,Bangkok,13876.16,0
ACC01984,2017-04-25,3289,Bangkok,37679.79,0
ACC01985,2019-11-17,2353,South,19265.62,0
ACC01986,2019-09-11,2420,Central,2536.98,0
ACC01987,2017-08-05,3187,Bangkok,6366.17,0
ACC01988,2020-01-29,2280,Bangkok,84944.92,0
ACC01989,2024-03-13,775,Bangkok,77560.31,0
ACC01990,2019-08-06,2456,Northeast,179782.07,0
ACC01991,2016-05-15,3634,Bangkok,7280.72,0
ACC01992,2016-08-28,3529,Central,748108.59,0
ACC01993,2025-05-06,356,North,26335.37,0
ACC01994,2022-09-11,1324,Northeast,124556.85,0
ACC01995,2021-03-03,1881,Bangkok,50798.46,0
ACC01996,2025-07-23,278,Bangkok,133629.79,0
ACC01997,2021-11-13,1626,Bangkok,25094.47,0
ACC01998,2023-09-26,944,South,43641.01,0
ACC01999,2018-04-04,2945,Bangkok,7856.48,0
ACC02000,2023-03-26,1128,Central,94901.07,0
