Transaction_ID,Sender_Account_ID,Receiver_Account_ID,Amount_THB,Timestamp,Channel,Is_Scam_Inflow,Is_Mule_Outflow,Sender_Is_Mule,Receiver_Is_Mule
TXN0008191,ACC00982,ACC00010,25000.0,2026-04-13 18:21:00.000000,Mobile,0,0,0,0
TXN0004919,ACC01806,ACC00368,741.34,2026-04-17 17:59:00.000000,Mobile,0,0,0,0
TXN0007066,ACC00986,ACC01226,757.69,2026-03-31 02:25:00.000000,Mobile,0,0,0,0
TXN0006754,ACC01937,ACC00177,370.29,2026-04-25 10:46:00.000000,Branch,0,0,0,0
TXN0008438,ACC01810,ACC00122,682.74,2026-04-27 11:08:00.000000,Mobile,0,0,0,0
TXN0004768,ACC00832,ACC00648,802.15,2026-04-09 13:11:00.000000,Internet Banking,0,0,0,0
TXN0005642,ACC00495,ACC01451,1668.2,2026-04-25 17:14:00.000000,Branch,0,0,0,0
TXN0002378,ACC00339,ACC01973,721.17,2026-04-17 15:46:00.000000,Mobile,0,0,0,0
TXN0002394,ACC00239,ACC01712,1749.87,2026-04-18 18:33:00.000000,Mobile,0,0,0,0
TXN0003700,ACC00835,ACC00816,1259.97,2026-03-29 21:42:00.000000,Mobile,0,0,0,0
TXN0006453,ACC01889,ACC00091,20000.0,2026-04-01 09:12:00.000000,Internet Banking,0,0,0,0
TXN0006141,ACC00653,ACC01490,166.6,2026-04-20 22:10:00.000000,Mobile,0,0,0,0
TXN0008272,ACC01454,ACC01462,133.09,2026-03-29 11:54:00.000000,Mobile,0,0,0,0
TXN0010923,ACC01796,ACC00150,303.97,2026-04-26 12:23:00.000000,Mobile,0,0,0,0
TXN0009489,ACC00851,ACC00139,128.58,2026-04-24 18:58:00.000000,Mobile,0,0,0,0
TXN0008564,ACC01136,ACC01414,759.94,2026-04-05 15:39:00.000000,Mobile,0,0,0,0
TXN0009935,ACC00637,ACC01875,30000.0,2026-04-10 19:36:00.000000,Mobile,0,0,0,0
TXN0002073,ACC01296,ACC00495,207.96,2026-04-01 15:48:00.000000,Mobile,0,0,0,0
TXN0003766,ACC01682,ACC00947,294.17,2026-04-03 13:45:00.000000,Mobile,0,0,0,0
TXN0000631,ACC01871,ACC01863,1800.0,2026-04-17 06:22:14.019057,ATM,0,1,1,0
TXN0008586,ACC01955,ACC00420,1419.24,2026-04-04 17:30:00.000000,Mobile,0,0,0,0
TXN0000156,ACC00094,ACC00342,78766.0,2026-04-02 03:30:00.000000,Mobile,1,0,0,1
TXN0011872,ACC00356,ACC00021,553.16,2026-04-17 10:33:00.000000,Mobile,0,0,0,0
TXN0009987,ACC00196,ACC01489,1844.75,2026-04-09 19:29:00.000000,Mobile,0,0,0,0
TXN0010269,ACC01199,ACC01661,1306.58,2026-04-20 11:44:00.000000,Mobile,0,0,0,0
TXN0007254,ACC00852,ACC00590,324.78,2026-03-29 06:59:00.000000,Internet Banking,0,0,0,0
TXN0000443,ACC01119,ACC01548,25600.0,2026-04-11 05:50:00.752021,ATM,0,1,1,0
TXN0006170,ACC01368,ACC01151,764.62,2026-04-24 19:41:00.000000,Mobile,0,0,0,0
TXN0004095,ACC00672,ACC01032,1329.77,2026-04-14 20:27:00.000000,Mobile,0,0,0,0
TXN0005068,ACC01800,ACC00578,2173.59,2026-04-15 13:15:00.000000,Mobile,0,0,0,0
TXN0000164,ACC00367,ACC01509,10200.0,2026-04-09 06:30:42.236562,Mobile,0,1,1,0
TXN0011979,ACC00369,ACC00928,10000.0,2026-04-03 19:51:00.000000,Mobile,0,0,0,0
TXN0007199,ACC01280,ACC00392,1400.88,2026-04-13 16:18:00.000000,Branch,0,0,0,0
TXN0007458,ACC01481,ACC01188,342.99,2026-04-20 10:20:00.000000,Mobile,0,0,0,0
TXN0004108,ACC00251,ACC00031,384.0,2026-04-18 08:15:00.000000,Mobile,0,0,0,0
TXN0004648,ACC00934,ACC01163,1164.02,2026-04-05 12:25:00.000000,Mobile,0,0,0,0
TXN0007018,ACC00148,ACC00331,295.07,2026-04-26 16:09:00.000000,Internet Banking,0,0,0,0
TXN0002698,ACC01071,ACC00196,1141.01,2026-03-30 17:17:00.000000,Mobile,0,0,0,0
TXN0001027,ACC01662,ACC00845,237.92,2026-04-15 17:44:00.000000,Mobile,0,0,0,0
TXN0004767,ACC00063,ACC00554,1930.81,2026-04-04 23:32:00.000000,Mobile,0,0,0,0
TXN0011361,ACC00001,ACC01159,1431.24,2026-04-14 17:47:00.000000,Mobile,0,0,0,0
TXN0003609,ACC00014,ACC01427,1018.39,2026-04-20 16:27:00.000000,Mobile,0,0,0,0
TXN0000292,ACC00747,ACC01370,58600.0,2026-04-15 18:52:38.009546,Mobile,0,1,1,0
TXN0006121,ACC01050,ACC01190,1749.47,2026-04-04 22:25:00.000000,Mobile,0,0,0,0
TXN0001397,ACC00266,ACC00586,930.69,2026-04-18 14:12:00.000000,Internet Banking,0,0,0,0
TXN0002113,ACC01801,ACC00257,3295.1,2026-04-11 17:37:00.000000,Mobile,0,0,0,0
TXN0005852,ACC01124,ACC01026,1016.84,2026-04-13 16:09:00.000000,Internet Banking,0,0,0,0
TXN0001301,ACC01088,ACC00168,612.45,2026-03-30 18:02:00.000000,Mobile,0,0,0,0
TXN0009665,ACC00773,ACC00232,933.11,2026-04-04 11:44:00.000000,Mobile,0,0,0,0
TXN0007114,ACC00173,ACC00557,421.12,2026-04-23 20:28:00.000000,Mobile,0,0,0,0
TXN0009275,ACC00450,ACC00844,1287.05,2026-04-11 15:11:00.000000,ATM,0,0,0,0
TXN0008979,ACC01309,ACC01904,1231.96,2026-04-24 14:44:00.000000,Internet Banking,0,0,0,0
TXN0004237,ACC00412,ACC01800,813.71,2026-04-11 16:36:00.000000,Mobile,0,0,0,0
TXN0006005,ACC00881,ACC01174,379.01,2026-04-15 11:59:00.000000,Internet Banking,0,0,0,0
TXN0006436,ACC01223,ACC00151,367.46,2026-03-29 08:19:00.000000,Mobile,0,0,0,0
TXN0004901,ACC00751,ACC00241,415.47,2026-04-12 10:47:00.000000,Mobile,0,0,0,0
TXN0005671,ACC00553,ACC00357,252.97,2026-04-03 09:58:00.000000,ATM,0,0,0,0
TXN0004223,ACC01456,ACC00832,30000.0,2026-04-26 19:47:00.000000,Mobile,0,0,0,0
TXN0007814,ACC00948,ACC00008,633.38,2026-04-09 15:12:00.000000,Internet Banking,0,0,0,0
TXN0002072,ACC01084,ACC00164,606.68,2026-04-04 17:44:00.000000,Internet Banking,0,0,0,0
TXN0006015,ACC00127,ACC01010,2868.34,2026-04-12 21:19:00.000000,Internet Banking,0,0,0,0
TXN0010038,ACC01236,ACC00628,186.12,2026-04-05 21:02:00.000000,Mobile,0,0,0,0
TXN0004388,ACC01936,ACC01454,2290.08,2026-04-06 17:21:00.000000,Mobile,0,0,0,0
TXN0010853,ACC01121,ACC00519,784.05,2026-04-08 12:36:00.000000,Mobile,0,0,0,0
TXN0007307,ACC00362,ACC00868,647.39,2026-04-06 12:40:00.000000,Internet Banking,0,0,0,0
TXN0011111,ACC01926,ACC01620,803.06,2026-04-09 13:21:00.000000,Internet Banking,0,0,0,0
TXN0008555,ACC00657,ACC01126,1278.99,2026-04-17 07:24:00.000000,Mobile,0,0,0,0
TXN0006009,ACC01304,ACC01606,1167.99,2026-04-17 09:59:00.000000,Mobile,0,0,0,0
TXN0000723,ACC00425,ACC00231,30000.0,2026-04-22 16:39:00.000000,Mobile,0,0,0,0
TXN0009291,ACC00946,ACC01114,130.02,2026-04-24 18:52:00.000000,Internet Banking,0,0,0,0
TXN0008884,ACC00802,ACC00080,1249.01,2026-04-12 21:14:00.000000,Mobile,0,0,0,0
TXN0000953,ACC00927,ACC00892,76.41,2026-04-07 17:14:00.000000,Internet Banking,0,0,0,0
TXN0002571,ACC01224,ACC01031,957.54,2026-04-23 07:07:00.000000,Mobile,0,0,0,0
TXN0003827,ACC00202,ACC00047,513.6,2026-04-22 09:15:00.000000,Internet Banking,0,0,0,0
TXN0010639,ACC01199,ACC01049,1157.95,2026-04-22 20:50:00.000000,Mobile,0,0,0,0
TXN0000893,ACC01061,ACC00089,2312.5,2026-04-23 07:48:00.000000,Branch,0,0,0,0
TXN0001165,ACC00218,ACC00043,494.27,2026-04-07 14:03:00.000000,Mobile,0,0,0,0
TXN0010912,ACC00459,ACC01140,86.14,2026-04-02 10:13:00.000000,Mobile,0,0,0,0
TXN0005983,ACC01415,ACC01226,73.11,2026-04-20 21:40:00.000000,Internet Banking,0,0,0,0
TXN0011032,ACC01820,ACC00441,343.05,2026-04-12 14:29:00.000000,Mobile,0,0,0,0
TXN0010622,ACC01269,ACC01854,238.79,2026-04-26 19:38:00.000000,ATM,0,0,0,0
TXN0000118,ACC00271,ACC01769,16200.0,2026-04-18 08:22:47.012937,Mobile,0,1,1,0
TXN0006843,ACC01064,ACC00907,341.98,2026-04-26 14:15:00.000000,ATM,0,0,0,0
TXN0000581,ACC01570,ACC01627,15000.0,2026-04-25 04:50:00.000000,Mobile,1,0,0,1
TXN0010949,ACC01068,ACC00516,490.46,2026-04-19 10:14:00.000000,Internet Banking,0,0,0,0
TXN0005942,ACC00912,ACC00205,837.58,2026-03-31 09:42:00.000000,Mobile,0,0,0,0
TXN0008904,ACC01747,ACC00139,118.03,2026-04-12 20:07:00.000000,Mobile,0,0,0,0
TXN0001668,ACC01399,ACC00305,1918.92,2026-04-18 08:20:00.000000,Mobile,0,0,0,0
TXN0009548,ACC00757,ACC01029,739.27,2026-04-24 11:58:00.000000,Internet Banking,0,0,0,0
TXN0005710,ACC01159,ACC01512,905.46,2026-04-14 15:03:00.000000,Branch,0,0,0,0
TXN0009177,ACC00631,ACC00862,212.22,2026-04-15 20:02:00.000000,Mobile,0,0,0,0
TXN0003006,ACC00848,ACC00176,834.09,2026-04-18 10:55:00.000000,ATM,0,0,0,0
TXN0001315,ACC01054,ACC00866,416.9,2026-04-03 16:54:00.000000,ATM,0,0,0,0
TXN0005982,ACC01338,ACC01931,532.89,2026-03-31 19:11:00.000000,Mobile,0,0,0,0
TXN0011710,ACC00384,ACC01650,130.28,2026-04-03 18:54:00.000000,Mobile,0,0,0,0
TXN0011200,ACC01452,ACC00929,2691.9,2026-04-19 20:17:00.000000,Mobile,0,0,0,0
TXN0011224,ACC00808,ACC01845,669.88,2026-04-21 20:01:00.000000,Internet Banking,0,0,0,0
TXN0002033,ACC00587,ACC00184,1254.01,2026-04-13 10:42:00.000000,Internet Banking,0,0,0,0
TXN0001257,ACC01435,ACC01630,15000.0,2026-04-12 04:46:00.000000,Mobile,0,0,0,0
TXN0009887,ACC00734,ACC01928,10000.0,2026-03-29 08:37:00.000000,ATM,0,0,0,0
TXN0002002,ACC00095,ACC00671,1839.94,2026-04-24 21:47:00.000000,Internet Banking,0,0,0,0
TXN0002194,ACC01895,ACC00796,1115.15,2026-04-14 19:37:00.000000,Mobile,0,0,0,0
TXN0006111,ACC01846,ACC00336,455.53,2026-04-15 19:24:00.000000,Mobile,0,0,0,0
TXN0000593,ACC01168,ACC01726,29250.0,2026-03-31 00:11:00.000000,Internet Banking,1,0,0,1
TXN0007894,ACC01619,ACC01714,965.24,2026-04-07 08:46:00.000000,Branch,0,0,0,0
TXN0006312,ACC00944,ACC01507,1158.72,2026-04-12 11:28:00.000000,Mobile,0,0,0,0
TXN0010276,ACC00652,ACC00005,30000.0,2026-04-13 12:01:00.000000,Internet Banking,0,0,0,0
TXN0006383,ACC00438,ACC01558,30000.0,2026-04-10 18:54:00.000000,Internet Banking,0,0,0,0
TXN0011651,ACC00118,ACC00474,432.11,2026-04-22 19:51:00.000000,ATM,0,0,0,0
TXN0011672,ACC00970,ACC01827,601.01,2026-03-29 23:41:00.000000,Internet Banking,0,0,0,0
TXN0005217,ACC01897,ACC00570,596.45,2026-04-09 11:25:00.000000,Mobile,0,0,0,0
TXN0009204,ACC00045,ACC00527,400.46,2026-04-12 07:06:00.000000,ATM,0,0,0,0
TXN0011835,ACC00446,ACC00776,20000.0,2026-04-25 09:08:00.000000,Internet Banking,0,0,0,0
TXN0000472,ACC01268,ACC00662,6700.0,2026-04-11 06:05:17.496658,ATM,0,1,1,0
TXN0002485,ACC01972,ACC00609,175.62,2026-04-10 12:50:00.000000,Mobile,0,0,0,0
TXN0002066,ACC01012,ACC01410,1773.32,2026-04-05 11:42:00.000000,Mobile,0,0,0,0
TXN0005284,ACC01270,ACC00343,114.12,2026-04-14 18:28:00.000000,ATM,0,0,0,0
TXN0000298,ACC01407,ACC00750,5000.0,2026-04-05 03:36:00.000000,Internet Banking,1,0,0,1
TXN0000391,ACC00995,ACC00527,5000.0,2026-04-21 17:24:37.686186,ATM,0,1,1,0
TXN0010419,ACC01728,ACC00307,531.57,2026-04-20 15:22:00.000000,Mobile,0,0,0,0
TXN0008769,ACC01554,ACC01740,164.23,2026-04-19 18:39:00.000000,Mobile,0,0,0,0
TXN0001753,ACC00557,ACC01785,911.06,2026-04-21 12:15:00.000000,ATM,0,0,0,0
TXN0010475,ACC01521,ACC01199,939.97,2026-04-13 07:20:00.000000,Mobile,0,0,0,0
TXN0008999,ACC01126,ACC01818,1542.43,2026-04-01 14:34:00.000000,Mobile,0,0,0,0
TXN0004579,ACC00147,ACC01704,642.62,2026-04-26 21:51:00.000000,Internet Banking,0,0,0,0
TXN0002820,ACC00244,ACC01419,877.15,2026-04-04 20:26:00.000000,ATM,0,0,0,0
TXN0007051,ACC00562,ACC01344,1221.79,2026-04-12 11:16:00.000000,Internet Banking,0,0,0,0
TXN0008570,ACC01702,ACC00828,1248.14,2026-03-29 20:14:00.000000,Mobile,0,0,0,0
TXN0007969,ACC01430,ACC01759,636.31,2026-04-22 22:31:00.000000,Mobile,0,0,0,0
TXN0007570,ACC01444,ACC01894,633.14,2026-04-08 19:29:00.000000,Mobile,0,0,0,0
TXN0002489,ACC00526,ACC00701,743.26,2026-04-16 19:47:00.000000,Internet Banking,0,0,0,0
TXN0004131,ACC00604,ACC00004,678.65,2026-04-26 16:06:00.000000,Mobile,0,0,0,0
TXN0001766,ACC01800,ACC00774,139.56,2026-04-11 18:54:00.000000,Mobile,0,0,0,0
TXN0006190,ACC01794,ACC00727,486.37,2026-04-21 10:52:00.000000,Internet Banking,0,0,0,0
TXN0001152,ACC01211,ACC00717,865.76,2026-04-21 13:00:00.000000,Mobile,0,0,0,0
TXN0002331,ACC00958,ACC00694,2519.74,2026-04-23 12:57:00.000000,Mobile,0,0,0,0
TXN0003099,ACC01467,ACC01464,1384.53,2026-04-20 08:30:00.000000,Mobile,0,0,0,0
TXN0002319,ACC01356,ACC00249,479.92,2026-04-08 14:36:00.000000,ATM,0,0,0,0
TXN0005993,ACC00794,ACC00345,277.55,2026-04-05 23:56:00.000000,Mobile,0,0,0,0
TXN0008687,ACC01615,ACC01758,252.95,2026-04-22 04:03:00.000000,Mobile,0,0,0,0
TXN0004117,ACC00183,ACC01262,363.18,2026-04-17 12:18:00.000000,Mobile,0,0,0,0
TXN0011575,ACC01778,ACC00421,227.73,2026-04-11 18:46:00.000000,ATM,0,0,0,0
TXN0008018,ACC01346,ACC01515,561.66,2026-04-19 20:42:00.000000,Mobile,0,0,0,0
TXN0009381,ACC00052,ACC01069,528.16,2026-03-29 17:29:00.000000,Mobile,0,0,0,0
TXN0005963,ACC01211,ACC00307,20000.0,2026-04-03 16:01:00.000000,Mobile,0,0,0,0
TXN0001698,ACC00316,ACC01369,255.81,2026-04-25 09:50:00.000000,Mobile,0,0,0,0
TXN0003513,ACC01817,ACC00623,337.61,2026-04-12 11:41:00.000000,ATM,0,0,0,0
TXN0007966,ACC00546,ACC00707,1145.19,2026-04-12 12:27:00.000000,Mobile,0,0,0,0
TXN0008598,ACC00518,ACC00950,835.61,2026-04-16 06:55:00.000000,Internet Banking,0,0,0,0
TXN0009608,ACC01639,ACC00010,458.57,2026-04-16 13:47:00.000000,Mobile,0,0,0,0
TXN0005673,ACC01145,ACC01848,1534.74,2026-04-07 22:19:00.000000,Mobile,0,0,0,0
TXN0009648,ACC01037,ACC01464,57.88,2026-04-18 18:12:00.000000,ATM,0,0,0,0
TXN0001326,ACC00545,ACC00531,440.52,2026-04-14 13:57:00.000000,Branch,0,0,0,0
TXN0000020,ACC00065,ACC00929,15000.0,2026-04-22 06:24:20.332876,ATM,0,1,1,0
TXN0010675,ACC01869,ACC01736,5084.87,2026-04-17 12:00:00.000000,Mobile,0,0,0,0
TXN0011960,ACC00140,ACC00234,1117.17,2026-04-15 15:25:00.000000,Mobile,0,0,0,0
TXN0002910,ACC01554,ACC00569,20000.0,2026-04-26 14:30:00.000000,Internet Banking,0,0,0,0
TXN0010177,ACC01483,ACC00358,111.85,2026-03-30 12:57:00.000000,Internet Banking,0,0,0,0
TXN0004153,ACC00195,ACC01434,1277.07,2026-04-20 12:09:00.000000,Mobile,0,0,0,0
TXN0007373,ACC00880,ACC00291,446.11,2026-04-06 10:03:00.000000,Mobile,0,0,0,0
TXN0007695,ACC01809,ACC00764,671.0,2026-04-15 06:43:00.000000,Mobile,0,0,0,0
TXN0008483,ACC01794,ACC00632,1693.18,2026-04-13 05:43:00.000000,ATM,0,0,0,0
TXN0000634,ACC01912,ACC00578,2400.0,2026-04-20 19:47:45.384182,ATM,0,1,1,0
TXN0000262,ACC00601,ACC00031,3100.0,2026-04-13 10:58:41.961911,Mobile,0,1,1,0
TXN0001087,ACC01358,ACC00560,56.83,2026-04-10 06:30:00.000000,Internet Banking,0,0,0,0
TXN0007541,ACC01197,ACC01370,363.6,2026-04-19 11:25:00.000000,ATM,0,0,0,0
TXN0009017,ACC01221,ACC01247,1467.56,2026-04-04 02:56:00.000000,Mobile,0,0,0,0
TXN0005472,ACC01180,ACC01941,1063.83,2026-04-13 22:26:00.000000,Mobile,0,0,0,0
TXN0008756,ACC00870,ACC00610,25000.0,2026-04-27 14:04:00.000000,Internet Banking,0,0,0,0
TXN0005576,ACC00818,ACC00605,862.4,2026-04-09 17:32:00.000000,Internet Banking,0,0,0,0
TXN0004272,ACC01632,ACC01157,174.02,2026-04-10 19:52:00.000000,Mobile,0,0,0,0
TXN0002425,ACC01041,ACC01385,239.86,2026-04-05 13:51:00.000000,Mobile,0,0,0,0
TXN0001396,ACC01283,ACC00685,625.18,2026-04-14 17:51:00.000000,Branch,0,0,0,0
TXN0007257,ACC01000,ACC00684,2322.94,2026-04-17 15:49:00.000000,Mobile,0,0,0,0
TXN0007922,ACC00541,ACC01110,15000.0,2026-04-20 20:33:00.000000,Branch,0,0,0,0
TXN0000527,ACC01486,ACC01814,26500.0,2026-04-20 18:35:17.184421,ATM,0,1,1,0
TXN0002247,ACC01541,ACC00784,76.16,2026-04-17 13:55:00.000000,ATM,0,0,0,0
TXN0006468,ACC01101,ACC00429,285.28,2026-04-03 12:49:00.000000,ATM,0,0,0,0
TXN0003554,ACC00156,ACC00686,101.09,2026-04-22 06:22:00.000000,Mobile,0,0,0,0
TXN0011392,ACC00674,ACC01479,995.79,2026-04-09 22:48:00.000000,Branch,0,0,0,0
TXN0009975,ACC00360,ACC00291,1198.57,2026-04-13 14:29:00.000000,ATM,0,0,0,0
TXN0007188,ACC01533,ACC01896,1444.95,2026-04-11 11:01:00.000000,Mobile,0,0,0,0
TXN0003537,ACC01127,ACC01367,630.62,2026-04-02 10:39:00.000000,Mobile,0,0,0,0
TXN0011692,ACC01502,ACC01339,729.32,2026-04-26 14:40:00.000000,Internet Banking,0,0,0,0
TXN0006866,ACC01868,ACC01333,1577.7,2026-04-25 12:35:00.000000,Mobile,0,0,0,0
TXN0003875,ACC01952,ACC01640,106.85,2026-04-18 12:12:00.000000,Mobile,0,0,0,0
TXN0006068,ACC00256,ACC00287,123.12,2026-04-13 16:21:00.000000,Mobile,0,0,0,0
TXN0006560,ACC01792,ACC01556,120.6,2026-04-03 11:17:00.000000,ATM,0,0,0,0
TXN0000928,ACC01100,ACC00231,429.01,2026-04-11 09:05:00.000000,Mobile,0,0,0,0
TXN0006857,ACC01611,ACC01832,101.78,2026-04-21 11:34:00.000000,Mobile,0,0,0,0
TXN0000850,ACC01232,ACC00177,388.82,2026-03-30 11:07:00.000000,Mobile,0,0,0,0
TXN0010325,ACC00943,ACC00934,965.63,2026-04-11 18:28:00.000000,Mobile,0,0,0,0
TXN0003051,ACC01296,ACC01204,20000.0,2026-04-02 19:23:00.000000,Mobile,0,0,0,0
TXN0004032,ACC01496,ACC00619,20000.0,2026-03-30 13:39:00.000000,Internet Banking,0,0,0,0
TXN0005497,ACC01896,ACC01287,413.73,2026-04-04 11:25:00.000000,Mobile,0,0,0,0
TXN0009260,ACC01387,ACC01760,307.76,2026-03-31 18:53:00.000000,Internet Banking,0,0,0,0
TXN0004239,ACC01440,ACC00783,719.92,2026-04-06 22:21:00.000000,ATM,0,0,0,0
TXN0006028,ACC00024,ACC00463,702.56,2026-04-07 16:19:00.000000,Mobile,0,0,0,0
TXN0000946,ACC00519,ACC00935,472.78,2026-04-10 08:58:00.000000,ATM,0,0,0,0
TXN0005462,ACC01970,ACC00904,1258.33,2026-04-08 19:05:00.000000,ATM,0,0,0,0
TXN0001590,ACC00237,ACC01762,30000.0,2026-04-15 18:50:00.000000,ATM,0,0,0,0
TXN0006677,ACC01759,ACC00448,1718.18,2026-04-16 09:37:00.000000,Mobile,0,0,0,0
TXN0004760,ACC01958,ACC00801,417.85,2026-04-12 08:05:00.000000,ATM,0,0,0,0
TXN0003477,ACC00489,ACC00688,255.43,2026-04-13 17:42:00.000000,Mobile,0,0,0,0
TXN0002449,ACC01537,ACC01889,730.83,2026-04-08 21:57:00.000000,Internet Banking,0,0,0,0
TXN0002703,ACC01133,ACC00026,20000.0,2026-04-18 16:21:00.000000,Mobile,0,0,0,0
TXN0002313,ACC01108,ACC01778,963.87,2026-04-21 15:12:00.000000,ATM,0,0,0,0
TXN0005164,ACC01367,ACC00099,307.35,2026-04-09 20:23:00.000000,ATM,0,0,0,0
TXN0007171,ACC00972,ACC01631,629.94,2026-04-26 16:02:00.000000,Mobile,0,0,0,0
TXN0010934,ACC01062,ACC00614,625.81,2026-04-09 19:38:00.000000,Mobile,0,0,0,0
TXN0008014,ACC00310,ACC01724,605.24,2026-04-15 21:22:00.000000,ATM,0,0,0,0
TXN0010480,ACC01883,ACC01771,2351.48,2026-04-12 08:48:00.000000,Internet Banking,0,0,0,0
TXN0003803,ACC01235,ACC01729,343.9,2026-04-18 18:06:00.000000,Mobile,0,0,0,0
TXN0003386,ACC00471,ACC01180,1680.7,2026-04-07 18:43:00.000000,ATM,0,0,0,0
TXN0009274,ACC00599,ACC01925,10000.0,2026-04-07 12:34:00.000000,Mobile,0,0,0,0
TXN0004834,ACC01304,ACC01936,512.58,2026-04-18 09:20:00.000000,ATM,0,0,0,0
TXN0011376,ACC00919,ACC01242,1351.24,2026-04-15 19:54:00.000000,ATM,0,0,0,0
TXN0007493,ACC00842,ACC01597,279.61,2026-04-03 09:41:00.000000,Internet Banking,0,0,0,0
TXN0007501,ACC00873,ACC01678,1871.71,2026-04-26 17:42:00.000000,Mobile,0,0,0,0
TXN0010517,ACC00620,ACC01639,143.05,2026-04-10 00:48:00.000000,Mobile,0,0,0,0
TXN0007625,ACC01196,ACC00302,1088.39,2026-04-22 08:06:00.000000,Mobile,0,0,0,0
TXN0008803,ACC01599,ACC01027,175.51,2026-04-14 18:08:00.000000,Mobile,0,0,0,0
TXN0002177,ACC01051,ACC01271,228.52,2026-04-24 13:24:00.000000,Mobile,0,0,0,0
TXN0006934,ACC01334,ACC01768,2789.4,2026-04-02 12:36:00.000000,Mobile,0,0,0,0
TXN0000300,ACC00750,ACC01756,2000.0,2026-04-05 14:38:20.802926,ATM,0,1,1,0
TXN0006192,ACC00789,ACC00758,809.31,2026-04-12 19:45:00.000000,Mobile,0,0,0,0
TXN0006851,ACC00976,ACC00639,606.77,2026-04-17 16:03:00.000000,ATM,0,0,0,0
TXN0009181,ACC00176,ACC01117,1108.22,2026-04-11 09:41:00.000000,Branch,0,0,0,0
TXN0008013,ACC00284,ACC01578,548.69,2026-04-13 16:46:00.000000,ATM,0,0,0,0
TXN0006074,ACC00172,ACC00081,349.94,2026-04-04 19:16:00.000000,Mobile,0,0,0,0
TXN0003494,ACC01379,ACC01431,365.31,2026-04-26 11:50:00.000000,Mobile,0,0,0,0
TXN0010751,ACC00792,ACC00399,1023.74,2026-04-21 10:53:00.000000,Mobile,0,0,0,0
TXN0001946,ACC01789,ACC01379,3464.48,2026-04-20 15:46:00.000000,Branch,0,0,0,0
TXN0004840,ACC00225,ACC00178,584.63,2026-04-14 13:20:00.000000,Mobile,0,0,0,0
TXN0009217,ACC00910,ACC01672,1485.76,2026-04-08 07:23:00.000000,Internet Banking,0,0,0,0
TXN0003586,ACC01194,ACC01013,906.94,2026-04-11 13:27:00.000000,Internet Banking,0,0,0,0
TXN0002583,ACC01184,ACC00178,551.8,2026-04-27 18:18:00.000000,Branch,0,0,0,0
TXN0003864,ACC01033,ACC01986,5000.0,2026-04-25 07:49:00.000000,Mobile,0,0,0,0
TXN0001137,ACC01392,ACC01443,70.14,2026-04-21 12:08:00.000000,Mobile,0,0,0,0
TXN0000093,ACC00538,ACC00233,100000.0,2026-04-15 20:41:00.000000,Mobile,1,0,0,1
TXN0001163,ACC00376,ACC00725,1365.13,2026-04-22 17:28:00.000000,Mobile,0,0,0,0
TXN0006361,ACC00019,ACC00066,529.32,2026-04-10 12:32:00.000000,Mobile,0,0,0,0
TXN0007476,ACC01827,ACC01821,605.88,2026-04-01 14:58:00.000000,Mobile,0,0,0,0
TXN0003961,ACC00608,ACC01440,588.74,2026-04-14 10:32:00.000000,Internet Banking,0,0,0,0
TXN0008625,ACC01142,ACC00237,246.79,2026-04-02 15:44:00.000000,Mobile,0,0,0,0
TXN0011533,ACC01632,ACC00842,1279.93,2026-04-23 15:12:00.000000,ATM,0,0,0,0
TXN0004979,ACC00127,ACC01937,25000.0,2026-04-19 11:40:00.000000,Mobile,0,0,0,0
TXN0004721,ACC01276,ACC00980,3469.08,2026-03-31 14:07:00.000000,Internet Banking,0,0,0,0
TXN0006989,ACC00545,ACC00935,458.36,2026-03-29 10:47:00.000000,Mobile,0,0,0,0
TXN0000239,ACC01128,ACC00601,13766.0,2026-04-02 00:18:00.000000,Mobile,1,0,0,1
TXN0011579,ACC00970,ACC01533,564.12,2026-03-29 12:31:00.000000,Mobile,0,0,0,0
TXN0004700,ACC01760,ACC01245,418.03,2026-04-01 01:38:00.000000,Internet Banking,0,0,0,0
TXN0010348,ACC01625,ACC01257,1482.41,2026-03-30 08:19:00.000000,Mobile,0,0,0,0
TXN0005057,ACC01339,ACC00442,550.0,2026-04-10 18:21:00.000000,Mobile,0,0,0,0
TXN0006286,ACC00236,ACC01019,394.44,2026-04-12 19:01:00.000000,ATM,0,0,0,0
TXN0006257,ACC01869,ACC00297,1822.14,2026-04-03 10:03:00.000000,ATM,0,0,0,0
TXN0000371,ACC00918,ACC00659,2400.0,2026-04-18 22:34:35.967494,ATM,0,1,1,0
TXN0009031,ACC01300,ACC00219,91.91,2026-04-06 14:05:00.000000,Mobile,0,0,0,0
TXN0002641,ACC00689,ACC01581,826.1,2026-04-23 15:21:00.000000,Mobile,0,0,0,0
TXN0005875,ACC00943,ACC00502,165.11,2026-04-05 19:57:00.000000,Mobile,0,0,0,0
TXN0002123,ACC00527,ACC00297,427.78,2026-04-07 13:34:00.000000,ATM,0,0,0,0
TXN0005355,ACC01096,ACC01178,272.53,2026-04-11 22:04:00.000000,Branch,0,0,0,0
TXN0005036,ACC01647,ACC01198,235.55,2026-04-13 20:46:00.000000,Mobile,0,0,0,0
TXN0007113,ACC01149,ACC01661,104.34,2026-04-03 14:26:00.000000,ATM,0,0,0,0
TXN0009749,ACC01724,ACC01843,581.99,2026-04-02 15:49:00.000000,Mobile,0,0,0,0
TXN0006674,ACC01502,ACC00393,1009.43,2026-03-29 10:41:00.000000,Mobile,0,0,0,0
TXN0004702,ACC01734,ACC00570,150.28,2026-03-30 21:15:00.000000,Mobile,0,0,0,0
TXN0011614,ACC01629,ACC01394,107.19,2026-04-16 17:43:00.000000,Internet Banking,0,0,0,0
TXN0004447,ACC00758,ACC00867,10000.0,2026-04-16 07:05:00.000000,ATM,0,0,0,0
TXN0004659,ACC01547,ACC00280,1262.05,2026-04-25 19:54:00.000000,Internet Banking,0,0,0,0
TXN0008870,ACC00532,ACC00482,158.22,2026-04-06 05:12:00.000000,Mobile,0,0,0,0
TXN0006289,ACC01234,ACC01366,158.02,2026-04-21 22:06:00.000000,Internet Banking,0,0,0,0
TXN0003676,ACC01849,ACC00034,53.59,2026-04-11 18:52:00.000000,Mobile,0,0,0,0
TXN0000482,ACC01268,ACC01141,22900.0,2026-04-22 21:29:46.951807,Mobile,0,1,1,0
TXN0008948,ACC00544,ACC01030,2724.58,2026-04-26 17:23:00.000000,Mobile,0,0,0,0
TXN0007614,ACC00740,ACC00146,474.98,2026-04-08 12:49:00.000000,Internet Banking,0,0,0,0
TXN0001188,ACC00954,ACC01111,255.73,2026-04-12 12:18:00.000000,Mobile,0,0,0,0
TXN0010254,ACC01085,ACC00978,128.13,2026-04-14 17:32:00.000000,ATM,0,0,0,0
TXN0010504,ACC00953,ACC00458,906.43,2026-04-06 12:59:00.000000,Internet Banking,0,0,0,0
TXN0002728,ACC01039,ACC01306,76.12,2026-04-05 10:09:00.000000,Mobile,0,0,0,0
TXN0003230,ACC00793,ACC00254,494.24,2026-04-25 22:38:00.000000,Mobile,0,0,0,0
TXN0011066,ACC01296,ACC00047,758.96,2026-04-18 13:27:00.000000,Mobile,0,0,0,0
TXN0008031,ACC01180,ACC01922,30000.0,2026-04-17 17:43:00.000000,ATM,0,0,0,0
TXN0008934,ACC00505,ACC00798,3296.33,2026-04-17 13:48:00.000000,Mobile,0,0,0,0
TXN0010312,ACC00941,ACC00075,1561.48,2026-04-12 11:15:00.000000,Mobile,0,0,0,0
TXN0009450,ACC00100,ACC01478,339.02,2026-04-06 11:09:00.000000,Internet Banking,0,0,0,0
TXN0000477,ACC01970,ACC01268,5000.0,2026-04-12 23:25:00.000000,Mobile,1,0,0,1
TXN0011973,ACC01896,ACC00224,685.15,2026-04-19 03:40:00.000000,ATM,0,0,0,0
TXN0009961,ACC00961,ACC01470,1344.28,2026-04-12 10:48:00.000000,Mobile,0,0,0,0
TXN0005222,ACC01661,ACC00086,603.82,2026-04-16 11:48:00.000000,Internet Banking,0,0,0,0
TXN0004105,ACC01212,ACC00453,1035.79,2026-04-15 16:18:00.000000,Mobile,0,0,0,0
TXN0005247,ACC01970,ACC00222,111.46,2026-04-01 17:16:00.000000,ATM,0,0,0,0
TXN0000990,ACC01611,ACC00890,605.92,2026-04-06 19:58:00.000000,Internet Banking,0,0,0,0
TXN0007866,ACC01142,ACC00247,1349.03,2026-04-17 18:36:00.000000,ATM,0,0,0,0
TXN0008758,ACC01221,ACC00930,347.15,2026-04-04 13:26:00.000000,Mobile,0,0,0,0
TXN0001309,ACC01620,ACC01934,140.91,2026-04-11 21:26:00.000000,Mobile,0,0,0,0
TXN0007685,ACC01500,ACC00702,381.29,2026-04-07 17:49:00.000000,Internet Banking,0,0,0,0
TXN0009241,ACC01210,ACC00835,214.95,2026-04-16 08:10:00.000000,Mobile,0,0,0,0
TXN0004123,ACC01780,ACC01605,322.26,2026-03-30 14:50:00.000000,Mobile,0,0,0,0
TXN0009618,ACC00458,ACC01751,561.73,2026-04-12 09:55:00.000000,ATM,0,0,0,0
TXN0010652,ACC01650,ACC01581,5000.0,2026-04-13 14:57:00.000000,Mobile,0,0,0,0
TXN0007972,ACC00091,ACC01630,317.7,2026-03-31 18:12:00.000000,Mobile,0,0,0,0
TXN0002978,ACC01589,ACC01456,746.56,2026-04-09 10:30:00.000000,ATM,0,0,0,0
TXN0010259,ACC00944,ACC01189,1135.17,2026-04-06 12:33:00.000000,Mobile,0,0,0,0
TXN0004467,ACC01269,ACC00456,1019.37,2026-04-11 17:58:00.000000,Mobile,0,0,0,0
TXN0009621,ACC01032,ACC00244,597.87,2026-04-22 18:37:00.000000,Mobile,0,0,0,0
TXN0001040,ACC00264,ACC01172,453.42,2026-04-19 11:47:00.000000,ATM,0,0,0,0
TXN0005523,ACC01304,ACC01706,57.94,2026-04-22 17:57:00.000000,ATM,0,0,0,0
TXN0007745,ACC01258,ACC01294,767.66,2026-03-29 12:19:00.000000,Branch,0,0,0,0
TXN0004247,ACC01942,ACC00203,432.37,2026-04-27 15:24:00.000000,Branch,0,0,0,0
TXN0008795,ACC00699,ACC01063,140.12,2026-04-21 11:19:00.000000,Mobile,0,0,0,0
TXN0010596,ACC00160,ACC00737,10000.0,2026-04-05 15:29:00.000000,Mobile,0,0,0,0
TXN0003136,ACC01787,ACC00949,866.47,2026-04-06 17:14:00.000000,Mobile,0,0,0,0
TXN0002023,ACC01611,ACC01903,561.1,2026-04-25 07:42:00.000000,ATM,0,0,0,0
TXN0006687,ACC01360,ACC01657,526.37,2026-04-04 18:53:00.000000,Mobile,0,0,0,0
TXN0007165,ACC01936,ACC00123,2750.04,2026-04-19 17:32:00.000000,Mobile,0,0,0,0
TXN0000770,ACC00292,ACC00667,594.94,2026-04-26 16:37:00.000000,Mobile,0,0,0,0
TXN0004578,ACC01689,ACC00285,25000.0,2026-04-16 19:30:00.000000,Mobile,0,0,0,0
TXN0011951,ACC01599,ACC00926,15000.0,2026-04-17 15:24:00.000000,ATM,0,0,0,0
TXN0011192,ACC00253,ACC01378,124.15,2026-04-13 13:54:00.000000,Mobile,0,0,0,0
TXN0003361,ACC01895,ACC00269,291.79,2026-04-01 19:16:00.000000,Mobile,0,0,0,0
TXN0003545,ACC01113,ACC01147,132.25,2026-04-10 16:28:00.000000,Internet Banking,0,0,0,0
TXN0006059,ACC00207,ACC01042,1049.68,2026-04-14 09:48:00.000000,ATM,0,0,0,0
TXN0009635,ACC01519,ACC00967,535.22,2026-04-17 14:35:00.000000,Mobile,0,0,0,0
TXN0000210,ACC00577,ACC00422,14250.0,2026-04-12 22:10:00.000000,Mobile,1,0,0,1
TXN0002789,ACC00487,ACC00860,1791.37,2026-04-18 08:38:00.000000,Internet Banking,0,0,0,0
TXN0009827,ACC00407,ACC00963,261.57,2026-04-02 17:25:00.000000,Mobile,0,0,0,0
TXN0011788,ACC01692,ACC01755,25000.0,2026-04-25 18:53:00.000000,ATM,0,0,0,0
TXN0006706,ACC00914,ACC01406,15000.0,2026-04-05 17:09:00.000000,Mobile,0,0,0,0
TXN0006953,ACC00865,ACC01737,110.05,2026-04-02 05:36:00.000000,Internet Banking,0,0,0,0
TXN0001409,ACC01715,ACC00117,594.74,2026-04-04 08:22:00.000000,Internet Banking,0,0,0,0
TXN0003022,ACC00970,ACC00255,912.42,2026-04-23 19:00:00.000000,Mobile,0,0,0,0
TXN0008844,ACC00046,ACC00898,359.96,2026-04-06 12:55:00.000000,Mobile,0,0,0,0
TXN0011584,ACC01707,ACC01163,92.92,2026-04-07 21:19:00.000000,Branch,0,0,0,0
TXN0002306,ACC00505,ACC00790,67.51,2026-04-27 05:07:00.000000,Mobile,0,0,0,0
TXN0011916,ACC00230,ACC00538,1403.58,2026-04-22 21:01:00.000000,Internet Banking,0,0,0,0
TXN0010592,ACC01228,ACC00876,940.56,2026-04-22 00:49:00.000000,Mobile,0,0,0,0
TXN0010757,ACC01744,ACC00992,125.6,2026-04-06 00:37:00.000000,Mobile,0,0,0,0
TXN0003664,ACC01689,ACC00032,1459.71,2026-04-17 14:48:00.000000,Mobile,0,0,0,0
TXN0010139,ACC00447,ACC01497,929.64,2026-04-01 16:01:00.000000,Mobile,0,0,0,0
TXN0005518,ACC00821,ACC00635,1071.38,2026-04-17 11:18:00.000000,Internet Banking,0,0,0,0
TXN0002211,ACC01118,ACC01257,2044.5,2026-04-22 21:56:00.000000,Mobile,0,0,0,0
TXN0007843,ACC00145,ACC00198,25000.0,2026-04-08 08:20:00.000000,ATM,0,0,0,0
TXN0007924,ACC01359,ACC01972,105.19,2026-04-25 12:38:00.000000,Mobile,0,0,0,0
TXN0002126,ACC00285,ACC00429,253.8,2026-04-07 20:46:00.000000,Mobile,0,0,0,0
TXN0001673,ACC00829,ACC00513,243.51,2026-04-16 15:21:00.000000,Internet Banking,0,0,0,0
TXN0003196,ACC01313,ACC00986,1584.47,2026-04-20 12:42:00.000000,Mobile,0,0,0,0
TXN0007284,ACC01000,ACC00714,343.31,2026-04-08 12:23:00.000000,Mobile,0,0,0,0
TXN0007522,ACC00350,ACC00491,678.3,2026-04-06 12:09:00.000000,Mobile,0,0,0,0
TXN0006862,ACC00897,ACC01648,276.1,2026-04-13 05:18:00.000000,ATM,0,0,0,0
TXN0007545,ACC01312,ACC00405,325.58,2026-04-17 02:04:00.000000,Mobile,0,0,0,0
TXN0010299,ACC00132,ACC01974,832.32,2026-04-27 18:23:00.000000,Mobile,0,0,0,0
TXN0010811,ACC00181,ACC00045,213.97,2026-04-04 11:14:00.000000,Internet Banking,0,0,0,0
TXN0007058,ACC01750,ACC01480,1508.93,2026-04-09 08:42:00.000000,Mobile,0,0,0,0
TXN0008145,ACC01413,ACC01233,73.97,2026-04-26 11:44:00.000000,Internet Banking,0,0,0,0
TXN0000710,ACC00220,ACC00469,797.82,2026-04-05 14:33:00.000000,Mobile,0,0,0,0
TXN0006321,ACC00340,ACC01922,857.91,2026-04-24 10:56:00.000000,Mobile,0,0,0,0
TXN0000522,ACC01486,ACC01552,1300.0,2026-04-26 11:25:29.437635,ATM,0,1,1,0
TXN0006630,ACC00339,ACC00602,387.94,2026-04-17 16:25:00.000000,Mobile,0,0,0,0
TXN0006600,ACC00891,ACC01602,1686.62,2026-04-27 14:55:00.000000,Mobile,0,0,0,0
TXN0010233,ACC01810,ACC00850,30000.0,2026-04-05 11:43:00.000000,Mobile,0,0,0,0
TXN0003033,ACC01528,ACC01350,721.35,2026-04-12 20:30:00.000000,Mobile,0,0,0,0
TXN0001047,ACC00500,ACC01920,1242.09,2026-04-01 16:22:00.000000,Mobile,0,0,0,0
TXN0009334,ACC01638,ACC01472,2114.14,2026-04-12 08:04:00.000000,Mobile,0,0,0,0
TXN0004283,ACC00792,ACC00758,354.53,2026-03-31 18:30:00.000000,Mobile,0,0,0,0
TXN0000364,ACC00903,ACC00528,80000.0,2026-04-25 18:16:33.130833,Mobile,0,1,1,1
TXN0010006,ACC00006,ACC00742,1649.07,2026-04-19 21:47:00.000000,ATM,0,0,0,0
TXN0011759,ACC01012,ACC00017,4150.19,2026-04-03 14:01:00.000000,ATM,0,0,0,0
TXN0010568,ACC00421,ACC00012,612.27,2026-04-22 08:03:00.000000,Mobile,0,0,0,0
TXN0003563,ACC00732,ACC00638,1132.41,2026-04-19 16:41:00.000000,ATM,0,0,0,0
TXN0006186,ACC00456,ACC00800,723.29,2026-04-21 22:59:00.000000,Mobile,0,0,0,0
TXN0007760,ACC01704,ACC01007,282.8,2026-04-17 07:53:00.000000,Mobile,0,0,0,0
TXN0010219,ACC01685,ACC01142,1474.54,2026-04-01 14:55:00.000000,Mobile,0,0,0,0
TXN0006418,ACC01556,ACC01400,757.65,2026-03-29 14:17:00.000000,Internet Banking,0,0,0,0
TXN0002232,ACC01944,ACC00790,1157.84,2026-04-23 12:09:00.000000,Mobile,0,0,0,0
TXN0010019,ACC01659,ACC01090,850.68,2026-04-04 11:13:00.000000,Internet Banking,0,0,0,0
TXN0007986,ACC00706,ACC00754,245.12,2026-04-02 09:08:00.000000,ATM,0,0,0,0
TXN0003912,ACC01228,ACC00007,683.48,2026-04-01 15:56:00.000000,Internet Banking,0,0,0,0
TXN0011151,ACC01771,ACC01673,103.76,2026-04-15 09:34:00.000000,Internet Banking,0,0,0,0
TXN0002003,ACC00524,ACC00625,1403.48,2026-04-12 19:35:00.000000,Mobile,0,0,0,0
TXN0001283,ACC01253,ACC00963,837.35,2026-04-21 17:57:00.000000,Internet Banking,0,0,0,0
TXN0004779,ACC00913,ACC01648,535.58,2026-04-16 15:34:00.000000,Internet Banking,0,0,0,0
TXN0005219,ACC00053,ACC01850,280.68,2026-04-21 15:32:00.000000,Mobile,0,0,0,0
TXN0003952,ACC01898,ACC01071,555.34,2026-04-21 17:31:00.000000,Mobile,0,0,0,0
TXN0005478,ACC01631,ACC00912,539.19,2026-04-15 12:44:00.000000,Internet Banking,0,0,0,0
TXN0000799,ACC00389,ACC01878,30000.0,2026-04-13 14:03:00.000000,Mobile,0,0,0,0
TXN0002169,ACC00201,ACC00478,457.47,2026-04-01 08:36:00.000000,Mobile,0,0,0,0
TXN0000697,ACC01481,ACC01745,1697.84,2026-04-10 19:53:00.000000,Mobile,0,0,0,0
TXN0006832,ACC00164,ACC00666,1717.52,2026-03-29 10:57:00.000000,Mobile,0,0,0,0
TXN0004141,ACC01370,ACC01041,793.16,2026-04-10 17:54:00.000000,Mobile,0,0,0,0
TXN0006129,ACC00974,ACC00616,1214.06,2026-04-18 22:48:00.000000,Internet Banking,0,0,0,0
TXN0008179,ACC01274,ACC00594,599.35,2026-04-10 13:12:00.000000,Internet Banking,0,0,0,0
TXN0003808,ACC01277,ACC01004,155.91,2026-04-14 16:57:00.000000,ATM,0,0,0,0
TXN0000636,ACC01912,ACC01942,8800.0,2026-04-20 09:33:39.028523,ATM,0,1,1,0
TXN0003384,ACC00347,ACC01030,1739.52,2026-04-09 11:12:00.000000,ATM,0,0,0,0
TXN0001970,ACC00299,ACC01708,20000.0,2026-04-19 21:24:00.000000,Internet Banking,0,0,0,0
TXN0010683,ACC00909,ACC00951,79.49,2026-04-12 12:59:00.000000,Mobile,0,0,0,0
TXN0001520,ACC01769,ACC00731,1528.45,2026-04-09 19:17:00.000000,Mobile,0,0,0,0
TXN0002474,ACC00040,ACC01746,1089.79,2026-04-03 09:35:00.000000,Mobile,0,0,0,0
TXN0002825,ACC01435,ACC01212,498.74,2026-04-07 10:06:00.000000,Mobile,0,0,0,0
TXN0001186,ACC01223,ACC00339,1971.43,2026-04-09 19:54:00.000000,Mobile,0,0,0,0
TXN0011899,ACC00356,ACC01184,375.48,2026-04-06 06:39:00.000000,Mobile,0,0,0,0
TXN0010790,ACC01362,ACC01886,558.53,2026-04-06 09:50:00.000000,Branch,0,0,0,0
TXN0000427,ACC01075,ACC00281,25000.0,2026-04-20 01:22:20.541233,ATM,0,1,1,0
TXN0008487,ACC01265,ACC01681,1278.47,2026-04-01 08:35:00.000000,Mobile,0,0,0,0
TXN0010750,ACC00080,ACC01808,2867.74,2026-04-18 13:58:00.000000,Internet Banking,0,0,0,0
TXN0009371,ACC00002,ACC01865,1817.41,2026-04-10 14:45:00.000000,ATM,0,0,0,0
TXN0001661,ACC01550,ACC00762,61.24,2026-04-21 15:36:00.000000,Internet Banking,0,0,0,0
TXN0010858,ACC00406,ACC00248,612.43,2026-04-12 11:58:00.000000,Mobile,0,0,0,0
TXN0011238,ACC01733,ACC00471,579.53,2026-04-20 16:50:00.000000,Internet Banking,0,0,0,0
TXN0007053,ACC01401,ACC01678,93.13,2026-04-18 18:35:00.000000,Mobile,0,0,0,0
TXN0005495,ACC01218,ACC01249,325.78,2026-04-10 13:30:00.000000,Mobile,0,0,0,0
TXN0001708,ACC00899,ACC01033,491.22,2026-04-10 14:37:00.000000,Internet Banking,0,0,0,0
TXN0002257,ACC01265,ACC01341,822.7,2026-04-20 12:38:00.000000,Internet Banking,0,0,0,0
TXN0008096,ACC01905,ACC01232,244.48,2026-04-05 06:32:00.000000,Internet Banking,0,0,0,0
TXN0007115,ACC00059,ACC00160,77.5,2026-04-01 14:30:00.000000,Mobile,0,0,0,0
TXN0008229,ACC00186,ACC00929,1988.1,2026-04-15 10:40:00.000000,Mobile,0,0,0,0
TXN0001488,ACC00524,ACC01578,187.85,2026-04-19 18:27:00.000000,ATM,0,0,0,0
TXN0006433,ACC01961,ACC01518,2393.31,2026-04-13 13:46:00.000000,Mobile,0,0,0,0
TXN0007082,ACC00928,ACC00867,590.8,2026-04-15 18:39:00.000000,ATM,0,0,0,0
TXN0005237,ACC01648,ACC01205,604.49,2026-04-22 00:27:00.000000,Mobile,0,0,0,0
TXN0004924,ACC00345,ACC00580,1757.27,2026-04-16 21:36:00.000000,Internet Banking,0,0,0,0
TXN0007736,ACC01757,ACC00469,199.56,2026-04-07 08:39:00.000000,Internet Banking,0,0,0,0
TXN0009106,ACC01815,ACC01600,1157.3,2026-04-24 17:37:00.000000,Mobile,0,0,0,0
TXN0001583,ACC01739,ACC01838,142.58,2026-04-07 08:17:00.000000,Mobile,0,0,0,0
TXN0008417,ACC00097,ACC00207,146.26,2026-04-24 12:52:00.000000,ATM,0,0,0,0
TXN0011085,ACC00930,ACC00769,488.0,2026-04-06 08:11:00.000000,Mobile,0,0,0,0
TXN0011908,ACC00762,ACC00819,664.07,2026-04-07 15:59:00.000000,ATM,0,0,0,0
TXN0009387,ACC01362,ACC01761,78.28,2026-04-25 16:43:00.000000,Mobile,0,0,0,0
TXN0007275,ACC01176,ACC01545,91.58,2026-04-10 20:12:00.000000,Mobile,0,0,0,0
TXN0008261,ACC00619,ACC00064,58.18,2026-04-01 10:04:00.000000,Internet Banking,0,0,0,0
TXN0011422,ACC00376,ACC01084,190.36,2026-04-11 14:27:00.000000,Mobile,0,0,0,0
TXN0003969,ACC00971,ACC01096,115.96,2026-04-04 09:27:00.000000,Mobile,0,0,0,0
TXN0010650,ACC00952,ACC01504,337.57,2026-04-04 11:16:00.000000,Mobile,0,0,0,0
TXN0006615,ACC00849,ACC01139,406.37,2026-04-07 00:33:00.000000,Mobile,0,0,0,0
TXN0002926,ACC00972,ACC00610,1885.26,2026-04-08 17:54:00.000000,Mobile,0,0,0,0
TXN0003831,ACC01096,ACC00415,10000.0,2026-04-14 22:44:00.000000,ATM,0,0,0,0
TXN0001748,ACC01989,ACC01236,1266.25,2026-04-07 16:38:00.000000,ATM,0,0,0,0
TXN0005858,ACC01998,ACC00487,290.53,2026-04-27 13:34:00.000000,Internet Banking,0,0,0,0
TXN0001325,ACC00560,ACC01296,1361.47,2026-04-06 08:26:00.000000,Internet Banking,0,0,0,0
TXN0003426,ACC00253,ACC01550,1791.63,2026-04-08 15:22:00.000000,Mobile,0,0,0,0
TXN0008768,ACC00866,ACC00933,3120.02,2026-04-21 18:20:00.000000,Mobile,0,0,0,0
TXN0008120,ACC00530,ACC00813,241.67,2026-04-17 13:28:00.000000,Mobile,0,0,0,0
TXN0006419,ACC01368,ACC00349,806.03,2026-04-16 15:03:00.000000,Mobile,0,0,0,0
TXN0007166,ACC00281,ACC00544,229.09,2026-04-03 09:00:00.000000,Internet Banking,0,0,0,0
TXN0001801,ACC00905,ACC01457,754.52,2026-04-24 16:54:00.000000,Mobile,0,0,0,0
TXN0006311,ACC01376,ACC01154,15000.0,2026-04-21 21:29:00.000000,Mobile,0,0,0,0
TXN0010338,ACC00743,ACC01423,423.39,2026-03-30 12:04:00.000000,Mobile,0,0,0,0
TXN0009593,ACC00186,ACC00493,2464.31,2026-03-29 22:48:00.000000,Mobile,0,0,0,0
TXN0005821,ACC00991,ACC01102,25000.0,2026-04-04 16:50:00.000000,Mobile,0,0,0,0
TXN0008140,ACC01899,ACC01609,386.24,2026-04-04 07:42:00.000000,Mobile,0,0,0,0
TXN0002706,ACC00392,ACC01146,2870.12,2026-04-20 19:05:00.000000,Mobile,0,0,0,0
TXN0005776,ACC00030,ACC01226,176.4,2026-04-22 16:36:00.000000,Internet Banking,0,0,0,0
TXN0002988,ACC00582,ACC01857,822.27,2026-03-30 12:07:00.000000,Internet Banking,0,0,0,0
TXN0001722,ACC01735,ACC00779,15000.0,2026-04-12 11:14:00.000000,Mobile,0,0,0,0
TXN0000250,ACC00601,ACC01574,1900.0,2026-04-03 12:04:29.594806,ATM,0,1,1,0
TXN0006952,ACC01190,ACC00548,674.49,2026-04-23 09:26:00.000000,Internet Banking,0,0,0,0
TXN0011888,ACC00123,ACC01378,442.7,2026-04-21 16:51:00.000000,Mobile,0,0,0,0
TXN0011137,ACC00732,ACC01234,607.11,2026-04-14 19:20:00.000000,Internet Banking,0,0,0,0
TXN0003987,ACC00204,ACC00857,3143.83,2026-04-22 13:04:00.000000,ATM,0,0,0,0
TXN0009657,ACC00015,ACC01197,1211.94,2026-04-27 10:57:00.000000,Mobile,0,0,0,0
TXN0000022,ACC00065,ACC01286,13800.0,2026-04-10 18:18:18.732547,ATM,0,1,1,0
TXN0001534,ACC00237,ACC00577,437.34,2026-04-10 11:47:00.000000,ATM,0,0,0,0
TXN0000222,ACC00613,ACC00528,15000.0,2026-04-19 21:47:00.000000,Mobile,1,0,0,1
TXN0005953,ACC00919,ACC01753,573.59,2026-04-13 22:43:00.000000,Mobile,0,0,0,0
TXN0003161,ACC01184,ACC01624,241.97,2026-04-20 12:35:00.000000,Mobile,0,0,0,0
TXN0004543,ACC00408,ACC00556,1552.16,2026-04-15 11:07:00.000000,Mobile,0,0,0,0
TXN0001400,ACC01530,ACC00454,463.54,2026-04-27 19:55:00.000000,ATM,0,0,0,0
TXN0006770,ACC01772,ACC01501,4103.51,2026-04-03 03:51:00.000000,Mobile,0,0,0,0
TXN0009212,ACC01922,ACC00057,677.76,2026-04-16 17:03:00.000000,Mobile,0,0,0,0
TXN0000809,ACC01466,ACC01288,171.95,2026-04-06 13:44:00.000000,Mobile,0,0,0,0
TXN0010955,ACC01038,ACC01699,866.03,2026-04-08 15:24:00.000000,Mobile,0,0,0,0
TXN0004990,ACC00341,ACC00252,61.56,2026-04-16 09:59:00.000000,Branch,0,0,0,0
TXN0000186,ACC00010,ACC00418,4500.0,2026-04-22 03:13:00.000000,Mobile,1,0,0,1
TXN0002745,ACC01331,ACC01429,454.58,2026-04-14 16:38:00.000000,ATM,0,0,0,0
TXN0002239,ACC00223,ACC00083,116.39,2026-04-25 11:41:00.000000,Internet Banking,0,0,0,0
TXN0010488,ACC01048,ACC00692,455.2,2026-04-22 09:09:00.000000,Mobile,0,0,0,0
TXN0010310,ACC01045,ACC01938,1189.8,2026-04-09 10:07:00.000000,Mobile,0,0,0,0
TXN0007648,ACC00933,ACC01638,367.92,2026-04-09 09:09:00.000000,ATM,0,0,0,0
TXN0002005,ACC01164,ACC00444,837.84,2026-04-10 14:45:00.000000,Internet Banking,0,0,0,0
TXN0008924,ACC00985,ACC01699,2469.08,2026-04-21 16:16:00.000000,Mobile,0,0,0,0
TXN0010816,ACC01060,ACC01181,402.55,2026-04-20 13:42:00.000000,Mobile,0,0,0,0
TXN0001832,ACC00130,ACC00458,10000.0,2026-04-20 18:41:00.000000,Mobile,0,0,0,0
TXN0003045,ACC00430,ACC01034,901.2,2026-04-13 11:11:00.000000,Mobile,0,0,0,0
TXN0007301,ACC00102,ACC01629,77.85,2026-04-01 12:59:00.000000,Mobile,0,0,0,0
TXN0010093,ACC00300,ACC00597,359.03,2026-04-11 17:29:00.000000,Mobile,0,0,0,0
TXN0000933,ACC00893,ACC01868,1581.37,2026-04-14 16:06:00.000000,Mobile,0,0,0,0
TXN0003369,ACC01485,ACC00029,1606.47,2026-04-02 15:16:00.000000,Mobile,0,0,0,0
TXN0004672,ACC00043,ACC01575,1064.65,2026-03-29 11:13:00.000000,Mobile,0,0,0,0
TXN0005984,ACC00383,ACC01331,174.65,2026-04-14 08:56:00.000000,Mobile,0,0,0,0
TXN0000548,ACC00988,ACC01546,20000.0,2026-04-19 11:10:00.000000,Mobile,1,0,0,1
TXN0009195,ACC01072,ACC01992,1549.97,2026-04-25 11:35:00.000000,Mobile,0,0,0,0
TXN0003644,ACC00094,ACC01744,251.04,2026-04-11 15:21:00.000000,Mobile,0,0,0,0
TXN0011700,ACC01305,ACC00595,3020.45,2026-04-07 13:32:00.000000,Mobile,0,0,0,0
TXN0005215,ACC00063,ACC01915,7217.28,2026-04-14 16:50:00.000000,Mobile,0,0,0,0
TXN0003224,ACC00331,ACC01977,121.39,2026-04-24 06:31:00.000000,Mobile,0,0,0,0
TXN0006034,ACC00703,ACC00474,881.36,2026-04-24 19:05:00.000000,Mobile,0,0,0,0
TXN0007797,ACC00992,ACC00954,3640.2,2026-04-21 16:35:00.000000,Mobile,0,0,0,0
TXN0002181,ACC00326,ACC00079,1251.55,2026-04-18 19:06:00.000000,Mobile,0,0,0,0
TXN0011204,ACC00614,ACC01889,544.94,2026-03-29 22:09:00.000000,Mobile,0,0,0,0
TXN0007406,ACC01900,ACC00170,263.42,2026-04-13 16:33:00.000000,Mobile,0,0,0,0
TXN0009677,ACC01576,ACC01412,599.34,2026-04-04 21:04:00.000000,Mobile,0,0,0,0
TXN0001923,ACC00434,ACC00246,10000.0,2026-04-02 14:09:00.000000,Internet Banking,0,0,0,0
TXN0003066,ACC00523,ACC01834,1027.99,2026-04-01 10:30:00.000000,Mobile,0,0,0,0
TXN0008554,ACC00161,ACC00176,82.47,2026-03-31 13:22:00.000000,Mobile,0,0,0,0
TXN0010007,ACC01052,ACC01717,461.39,2026-04-19 17:46:00.000000,ATM,0,0,0,0
TXN0004345,ACC01778,ACC00252,251.54,2026-04-02 09:22:00.000000,Branch,0,0,0,0
TXN0007445,ACC00220,ACC00397,66.89,2026-04-16 15:26:00.000000,Internet Banking,0,0,0,0
TXN0000341,ACC01047,ACC00869,20000.0,2026-04-04 01:53:00.000000,Mobile,1,0,0,1
TXN0004764,ACC01640,ACC00385,1620.38,2026-04-14 08:03:00.000000,ATM,0,0,0,0
TXN0003455,ACC01356,ACC01170,2250.02,2026-04-13 16:19:00.000000,Internet Banking,0,0,0,0
TXN0011081,ACC01884,ACC00552,359.3,2026-04-15 20:03:00.000000,Mobile,0,0,0,0
TXN0007991,ACC00051,ACC01360,521.57,2026-04-05 21:04:00.000000,Mobile,0,0,0,0
TXN0008686,ACC00962,ACC00468,268.13,2026-04-25 19:20:00.000000,Mobile,0,0,0,0
TXN0005244,ACC01740,ACC00006,1349.1,2026-04-04 15:01:00.000000,Mobile,0,0,0,0
TXN0007362,ACC01733,ACC00077,387.57,2026-04-27 16:45:00.000000,Internet Banking,0,0,0,0
TXN0007659,ACC00873,ACC00640,570.73,2026-04-20 10:48:00.000000,ATM,0,0,0,0
TXN0005799,ACC00452,ACC00213,103.64,2026-04-27 08:41:00.000000,Mobile,0,0,0,0
TXN0000542,ACC01517,ACC00547,14600.0,2026-04-10 01:24:35.017455,ATM,0,1,1,0
TXN0006726,ACC00911,ACC01439,541.34,2026-04-09 00:27:00.000000,Internet Banking,0,0,0,0
TXN0000753,ACC01633,ACC01524,1612.71,2026-04-02 12:03:00.000000,Mobile,0,0,0,0
TXN0011292,ACC00022,ACC00096,2098.19,2026-04-10 22:44:00.000000,Mobile,0,0,0,0
TXN0000981,ACC01667,ACC01308,485.07,2026-04-05 20:06:00.000000,ATM,0,0,0,0
TXN0009175,ACC01976,ACC00593,25000.0,2026-04-09 17:00:00.000000,Mobile,0,0,0,0
TXN0005534,ACC00656,ACC01053,190.95,2026-04-13 09:49:00.000000,Internet Banking,0,0,0,0
TXN0002896,ACC01460,ACC01324,532.67,2026-04-16 08:48:00.000000,Mobile,0,0,0,0
TXN0003936,ACC01317,ACC01223,1904.71,2026-04-19 12:24:00.000000,Mobile,0,0,0,0
TXN0009338,ACC01045,ACC01868,109.69,2026-04-14 17:43:00.000000,Internet Banking,0,0,0,0
TXN0000664,ACC01924,ACC01510,2500.0,2026-04-02 01:21:28.463968,Mobile,0,1,1,0
TXN0005343,ACC00239,ACC00444,292.81,2026-04-14 17:07:00.000000,ATM,0,0,0,0
TXN0003551,ACC01864,ACC00120,2226.26,2026-04-12 08:33:00.000000,Mobile,0,0,0,0
TXN0010239,ACC01436,ACC01852,94.36,2026-04-23 20:37:00.000000,ATM,0,0,0,0
TXN0006616,ACC01971,ACC00892,59.64,2026-04-12 17:51:00.000000,Mobile,0,0,0,0
TXN0005023,ACC00585,ACC01839,470.05,2026-04-11 21:54:00.000000,Mobile,0,0,0,0
TXN0010819,ACC01904,ACC00914,634.12,2026-04-16 20:39:00.000000,Mobile,0,0,0,0
TXN0004012,ACC00168,ACC00907,220.52,2026-03-29 03:16:00.000000,Mobile,0,0,0,0
TXN0002721,ACC01410,ACC01511,1475.32,2026-04-15 13:55:00.000000,Mobile,0,0,0,0
TXN0008426,ACC00277,ACC00579,90.01,2026-04-24 11:28:00.000000,Mobile,0,0,0,0
TXN0004354,ACC01287,ACC01222,2150.6,2026-04-19 15:03:00.000000,Mobile,0,0,0,0
TXN0008902,ACC00346,ACC00881,10000.0,2026-04-06 12:07:00.000000,Branch,0,0,0,0
TXN0001444,ACC01052,ACC01483,2888.46,2026-04-03 09:55:00.000000,ATM,0,0,0,0
TXN0007952,ACC00950,ACC01984,464.66,2026-04-12 17:29:00.000000,Mobile,0,0,0,0
TXN0000738,ACC01102,ACC00489,826.4,2026-04-22 18:21:00.000000,Internet Banking,0,0,0,0
TXN0002561,ACC01410,ACC00177,1472.46,2026-04-26 11:50:00.000000,Internet Banking,0,0,0,0
TXN0001802,ACC00685,ACC00428,251.8,2026-04-26 14:41:00.000000,ATM,0,0,0,0
TXN0006019,ACC00589,ACC01228,278.27,2026-03-30 14:32:00.000000,Mobile,0,0,0,0
TXN0011554,ACC00625,ACC00512,101.41,2026-04-05 14:26:00.000000,Mobile,0,0,0,0
TXN0003975,ACC00856,ACC01140,230.73,2026-04-06 08:53:00.000000,Mobile,0,0,0,0
TXN0006046,ACC01165,ACC00197,1087.89,2026-03-30 05:35:00.000000,Mobile,0,0,0,0
TXN0007430,ACC00661,ACC00809,1835.45,2026-04-19 12:46:00.000000,Mobile,0,0,0,0
TXN0001897,ACC00760,ACC00534,957.61,2026-04-13 11:29:00.000000,Internet Banking,0,0,0,0
TXN0006713,ACC01758,ACC00386,1969.49,2026-04-02 09:26:00.000000,Mobile,0,0,0,0
TXN0009626,ACC01933,ACC00072,247.77,2026-04-04 08:43:00.000000,Mobile,0,0,0,0
TXN0009185,ACC00252,ACC01077,384.93,2026-04-26 12:58:00.000000,Internet Banking,0,0,0,0
TXN0000798,ACC01337,ACC01104,186.4,2026-04-03 12:00:00.000000,Internet Banking,0,0,0,0
TXN0007571,ACC01344,ACC00525,1321.18,2026-04-24 10:15:00.000000,Mobile,0,0,0,0
TXN0002997,ACC00742,ACC01638,523.16,2026-04-27 07:17:00.000000,ATM,0,0,0,0
TXN0003082,ACC01202,ACC00182,791.22,2026-04-06 12:13:00.000000,Internet Banking,0,0,0,0
TXN0001538,ACC00217,ACC00925,457.47,2026-04-07 19:41:00.000000,ATM,0,0,0,0
TXN0004278,ACC00692,ACC01826,725.15,2026-04-27 18:29:00.000000,Mobile,0,0,0,0
TXN0007602,ACC00360,ACC01664,431.87,2026-03-30 12:30:00.000000,Mobile,0,0,0,0
TXN0009444,ACC00850,ACC00910,481.63,2026-03-30 10:31:00.000000,Mobile,0,0,0,0
TXN0000519,ACC01486,ACC01933,15800.0,2026-04-05 15:29:15.820180,Mobile,0,1,1,0
TXN0004315,ACC01067,ACC00769,365.65,2026-04-05 09:51:00.000000,Mobile,0,0,0,0
TXN0002437,ACC00525,ACC00549,112.39,2026-04-22 10:46:00.000000,Mobile,0,0,0,0
TXN0004011,ACC01482,ACC00097,376.59,2026-04-12 23:15:00.000000,Mobile,0,0,0,0
TXN0001187,ACC01178,ACC00182,526.6,2026-03-30 12:03:00.000000,Mobile,0,0,0,0
TXN0008034,ACC01742,ACC01026,1627.66,2026-04-08 09:50:00.000000,Mobile,0,0,0,0
TXN0010364,ACC01195,ACC01146,841.39,2026-04-19 19:07:00.000000,Internet Banking,0,0,0,0
TXN0008039,ACC01558,ACC00501,1873.75,2026-04-13 08:16:00.000000,Mobile,0,0,0,0
TXN0007361,ACC00188,ACC00285,323.17,2026-03-29 17:02:00.000000,Mobile,0,0,0,0
TXN0007820,ACC01698,ACC00318,2091.86,2026-04-05 14:49:00.000000,Internet Banking,0,0,0,0
TXN0008940,ACC01253,ACC01231,753.83,2026-04-08 12:13:00.000000,Mobile,0,0,0,0
TXN0002765,ACC00408,ACC01640,122.84,2026-04-21 06:29:00.000000,Mobile,0,0,0,0
TXN0005812,ACC00078,ACC01512,1139.32,2026-04-21 14:38:00.000000,Internet Banking,0,0,0,0
TXN0002305,ACC01581,ACC01256,25000.0,2026-04-03 09:17:00.000000,Mobile,0,0,0,0
TXN0001915,ACC00579,ACC01769,633.25,2026-04-03 14:55:00.000000,Mobile,0,0,0,0
TXN0004491,ACC00978,ACC01704,510.68,2026-04-18 08:08:00.000000,Mobile,0,0,0,0
TXN0002108,ACC00087,ACC01898,215.96,2026-04-16 05:38:00.000000,Internet Banking,0,0,0,0
TXN0008394,ACC00735,ACC00353,193.95,2026-04-02 16:54:00.000000,Mobile,0,0,0,0
TXN0006067,ACC01188,ACC01711,305.01,2026-04-12 23:59:00.000000,Mobile,0,0,0,0
TXN0005713,ACC00674,ACC01735,491.1,2026-04-10 12:46:00.000000,ATM,0,0,0,0
TXN0006298,ACC00604,ACC00960,721.56,2026-04-25 11:28:00.000000,ATM,0,0,0,0
TXN0005789,ACC00913,ACC01576,118.02,2026-04-21 11:53:00.000000,ATM,0,0,0,0
TXN0003240,ACC00765,ACC01424,436.97,2026-04-26 09:41:00.000000,Mobile,0,0,0,0
TXN0004645,ACC00204,ACC01767,847.03,2026-04-06 14:36:00.000000,Mobile,0,0,0,0
TXN0004962,ACC01951,ACC01998,341.38,2026-04-22 11:55:00.000000,Mobile,0,0,0,0
TXN0002215,ACC00466,ACC00198,154.56,2026-04-11 12:14:00.000000,Internet Banking,0,0,0,0
TXN0004476,ACC01211,ACC01121,234.77,2026-04-24 09:04:00.000000,Mobile,0,0,0,0
TXN0010351,ACC00145,ACC01780,1722.54,2026-04-26 11:47:00.000000,Mobile,0,0,0,0
TXN0006176,ACC00187,ACC00874,378.53,2026-04-03 08:33:00.000000,ATM,0,0,0,0
TXN0002270,ACC00741,ACC01381,1215.13,2026-04-06 15:13:00.000000,Internet Banking,0,0,0,0
TXN0011683,ACC00184,ACC01697,558.24,2026-04-15 19:04:00.000000,ATM,0,0,0,0
TXN0005641,ACC00801,ACC00430,447.21,2026-04-22 20:06:00.000000,Mobile,0,0,0,0
TXN0006519,ACC00913,ACC00552,553.28,2026-04-24 16:52:00.000000,Mobile,0,0,0,0
TXN0010163,ACC00320,ACC01940,67.48,2026-04-24 13:27:00.000000,Mobile,0,0,0,0
TXN0008869,ACC00410,ACC00609,1022.45,2026-04-23 08:13:00.000000,Mobile,0,0,0,0
TXN0000991,ACC00328,ACC01608,338.85,2026-03-30 21:01:00.000000,Mobile,0,0,0,0
TXN0009207,ACC00633,ACC00060,385.01,2026-03-30 18:21:00.000000,Internet Banking,0,0,0,0
TXN0011248,ACC00371,ACC00888,5826.53,2026-04-17 19:08:00.000000,ATM,0,0,0,0
TXN0006420,ACC01267,ACC00344,1014.45,2026-03-30 13:29:00.000000,Mobile,0,0,0,0
TXN0008338,ACC00175,ACC00401,564.57,2026-03-30 22:14:00.000000,ATM,0,0,0,0
TXN0008074,ACC01589,ACC01642,30000.0,2026-04-03 17:51:00.000000,Internet Banking,0,0,0,0
TXN0011540,ACC00532,ACC00142,739.94,2026-03-31 14:49:00.000000,Mobile,0,0,0,0
TXN0000357,ACC00903,ACC01200,31500.0,2026-04-19 04:31:46.257443,ATM,0,1,1,0
TXN0011345,ACC01206,ACC00497,579.42,2026-04-05 19:08:00.000000,Internet Banking,0,0,0,0
TXN0005989,ACC00792,ACC01679,1251.76,2026-04-19 12:16:00.000000,Internet Banking,0,0,0,0
TXN0003824,ACC01737,ACC01225,2075.22,2026-03-29 15:46:00.000000,Mobile,0,0,0,0
TXN0002069,ACC00775,ACC00496,325.37,2026-04-18 01:47:00.000000,Internet Banking,0,0,0,0
TXN0002526,ACC01848,ACC01588,1395.89,2026-04-06 21:16:00.000000,Mobile,0,0,0,0
TXN0002869,ACC00517,ACC01136,30000.0,2026-04-27 15:33:00.000000,Mobile,0,0,0,0
TXN0009785,ACC00054,ACC01864,1646.91,2026-04-06 21:15:00.000000,Mobile,0,0,0,0
TXN0008059,ACC01039,ACC00183,30000.0,2026-04-22 07:04:00.000000,Mobile,0,0,0,0
TXN0002704,ACC01705,ACC01931,854.38,2026-04-05 17:02:00.000000,Mobile,0,0,0,0
TXN0010074,ACC00952,ACC01535,68.16,2026-04-11 11:17:00.000000,ATM,0,0,0,0
TXN0010127,ACC01124,ACC00896,299.33,2026-04-18 18:11:00.000000,Mobile,0,0,0,0
TXN0004966,ACC01339,ACC00757,869.26,2026-04-21 22:35:00.000000,Mobile,0,0,0,0
TXN0007560,ACC01202,ACC00553,1113.88,2026-04-09 13:46:00.000000,Branch,0,0,0,0
TXN0011870,ACC00912,ACC01151,109.8,2026-04-05 14:08:00.000000,ATM,0,0,0,0
TXN0002144,ACC00853,ACC00558,201.58,2026-04-14 21:45:00.000000,Mobile,0,0,0,0
TXN0001677,ACC00975,ACC00670,453.01,2026-04-05 12:24:00.000000,Mobile,0,0,0,0
TXN0002585,ACC01095,ACC00421,483.03,2026-04-16 18:27:00.000000,Internet Banking,0,0,0,0
TXN0006791,ACC00863,ACC01090,865.55,2026-04-03 08:17:00.000000,Mobile,0,0,0,0
TXN0009815,ACC00577,ACC00082,1263.95,2026-04-19 13:35:00.000000,Mobile,0,0,0,0
TXN0000899,ACC00009,ACC01127,602.87,2026-04-22 16:24:00.000000,Mobile,0,0,0,0
TXN0005490,ACC01945,ACC01822,857.9,2026-04-24 12:01:00.000000,ATM,0,0,0,0
TXN0005193,ACC00556,ACC00013,1198.79,2026-04-15 16:20:00.000000,Mobile,0,0,0,0
TXN0011163,ACC01484,ACC01653,1752.54,2026-04-11 13:32:00.000000,Mobile,0,0,0,0
TXN0007912,ACC01484,ACC00973,135.15,2026-04-05 14:04:00.000000,Branch,0,0,0,0
TXN0007985,ACC00152,ACC01472,372.98,2026-04-11 17:47:00.000000,Mobile,0,0,0,0
TXN0010954,ACC00518,ACC00164,302.07,2026-04-18 14:34:00.000000,ATM,0,0,0,0
TXN0005662,ACC00216,ACC01206,757.37,2026-04-14 12:41:00.000000,Mobile,0,0,0,0
TXN0001827,ACC01414,ACC01051,1881.25,2026-04-02 15:20:00.000000,Mobile,0,0,0,0
TXN0005282,ACC00054,ACC01897,683.15,2026-04-07 13:52:00.000000,Mobile,0,0,0,0
TXN0003478,ACC00662,ACC01752,1045.57,2026-04-27 13:05:00.000000,Mobile,0,0,0,0
TXN0002290,ACC00429,ACC01215,455.46,2026-03-30 07:31:00.000000,Mobile,0,0,0,0
TXN0011638,ACC00523,ACC00118,249.86,2026-04-15 21:20:00.000000,Mobile,0,0,0,0
TXN0006482,ACC00682,ACC01704,30000.0,2026-04-14 18:36:00.000000,Mobile,0,0,0,0
TXN0004757,ACC00541,ACC00285,786.65,2026-04-12 15:42:00.000000,ATM,0,0,0,0
TXN0007462,ACC01782,ACC01856,2893.45,2026-03-31 19:03:00.000000,Mobile,0,0,0,0
TXN0009983,ACC00846,ACC00165,3640.42,2026-04-24 12:23:00.000000,Mobile,0,0,0,0
TXN0001234,ACC00703,ACC01943,1346.41,2026-04-27 10:37:00.000000,Mobile,0,0,0,0
TXN0011975,ACC01448,ACC01689,660.65,2026-04-15 16:09:00.000000,ATM,0,0,0,0
TXN0011409,ACC00347,ACC00994,379.67,2026-04-02 11:33:00.000000,Internet Banking,0,0,0,0
TXN0001469,ACC01682,ACC01138,2249.02,2026-04-19 13:44:00.000000,ATM,0,0,0,0
TXN0001401,ACC00483,ACC01496,2653.97,2026-04-25 19:06:00.000000,ATM,0,0,0,0
TXN0008203,ACC01590,ACC01012,30000.0,2026-04-04 09:06:00.000000,Mobile,0,0,0,0
TXN0007338,ACC01839,ACC00574,252.94,2026-04-15 14:20:00.000000,Mobile,0,0,0,0
TXN0011185,ACC01610,ACC01811,139.62,2026-04-25 11:37:00.000000,ATM,0,0,0,0
TXN0005389,ACC01203,ACC00824,10000.0,2026-04-12 20:07:00.000000,Mobile,0,0,0,0
TXN0000792,ACC00485,ACC01337,65.48,2026-04-01 21:51:00.000000,Mobile,0,0,0,0
TXN0002836,ACC00721,ACC00088,1103.71,2026-04-08 15:29:00.000000,Branch,0,0,0,0
TXN0002751,ACC00022,ACC01341,151.72,2026-04-15 08:31:00.000000,Mobile,0,0,0,0
TXN0001118,ACC00676,ACC00011,472.92,2026-04-08 17:37:00.000000,Mobile,0,0,0,0
TXN0004631,ACC01980,ACC00340,761.51,2026-03-29 16:23:00.000000,Mobile,0,0,0,0
TXN0004500,ACC01260,ACC01578,1849.68,2026-04-25 08:27:00.000000,Mobile,0,0,0,0
TXN0004843,ACC01236,ACC00527,285.62,2026-04-18 22:41:00.000000,Branch,0,0,0,0
TXN0006131,ACC01440,ACC01188,407.14,2026-04-25 17:46:00.000000,Mobile,0,0,0,0
TXN0002824,ACC00392,ACC00960,1793.03,2026-04-11 14:44:00.000000,Branch,0,0,0,0
TXN0000229,ACC00573,ACC00143,15000.0,2026-04-21 14:31:20.118086,ATM,0,1,1,1
TXN0010884,ACC01616,ACC00805,870.24,2026-04-25 07:24:00.000000,Mobile,0,0,0,0
TXN0006964,ACC01708,ACC01180,1341.42,2026-04-27 12:56:00.000000,Branch,0,0,0,0
TXN0001745,ACC01285,ACC00679,538.98,2026-04-23 09:11:00.000000,Branch,0,0,0,0
TXN0010331,ACC01177,ACC01423,25000.0,2026-04-10 10:49:00.000000,ATM,0,0,0,0
TXN0010848,ACC01085,ACC01149,107.63,2026-04-11 07:54:00.000000,Mobile,0,0,0,0
TXN0008288,ACC01416,ACC01397,2280.38,2026-04-19 21:09:00.000000,Mobile,0,0,0,0
TXN0011391,ACC00181,ACC01407,76.91,2026-04-10 09:47:00.000000,Internet Banking,0,0,0,0
TXN0004492,ACC01519,ACC00108,20000.0,2026-04-01 09:37:00.000000,Branch,0,0,0,0
TXN0009694,ACC01377,ACC01472,329.5,2026-04-26 19:08:00.000000,Mobile,0,0,0,0
TXN0006972,ACC01360,ACC00623,195.98,2026-04-04 08:38:00.000000,Mobile,0,0,0,0
TXN0011549,ACC01391,ACC00319,75.54,2026-04-14 11:16:00.000000,Mobile,0,0,0,0
TXN0010225,ACC00111,ACC00467,901.93,2026-04-16 17:09:00.000000,Mobile,0,0,0,0
TXN0002419,ACC00551,ACC01362,85.27,2026-03-31 17:14:00.000000,ATM,0,0,0,0
TXN0009710,ACC00666,ACC01906,20000.0,2026-04-13 06:22:00.000000,Internet Banking,0,0,0,0
TXN0005866,ACC00915,ACC01098,60.97,2026-04-01 17:03:00.000000,Mobile,0,0,0,0
TXN0011166,ACC01794,ACC01840,1355.89,2026-04-06 18:18:00.000000,ATM,0,0,0,0
TXN0007664,ACC00213,ACC01560,745.93,2026-04-24 15:05:00.000000,Mobile,0,0,0,0
TXN0005407,ACC01362,ACC00646,237.17,2026-04-23 20:13:00.000000,Mobile,0,0,0,0
TXN0011952,ACC01342,ACC00186,518.02,2026-04-26 11:10:00.000000,Mobile,0,0,0,0
TXN0007002,ACC00135,ACC00230,1304.95,2026-04-27 09:55:00.000000,Mobile,0,0,0,0
TXN0002463,ACC01980,ACC01306,893.27,2026-04-18 10:08:00.000000,Internet Banking,0,0,0,0
TXN0006873,ACC00474,ACC00665,933.45,2026-04-26 23:08:00.000000,Branch,0,0,0,0
TXN0005608,ACC01935,ACC00962,20000.0,2026-03-29 18:35:00.000000,Mobile,0,0,0,0
TXN0005645,ACC00799,ACC00280,477.42,2026-04-05 11:49:00.000000,Mobile,0,0,0,0
TXN0004078,ACC00707,ACC01807,1254.52,2026-04-03 16:11:00.000000,Mobile,0,0,0,0
TXN0001020,ACC01738,ACC01527,723.75,2026-04-18 13:25:00.000000,Mobile,0,0,0,0
TXN0007584,ACC01424,ACC00146,186.94,2026-04-05 14:54:00.000000,Internet Banking,0,0,0,0
TXN0005256,ACC00735,ACC01818,459.53,2026-04-24 17:36:00.000000,Mobile,0,0,0,0
TXN0000136,ACC00472,ACC00290,15000.0,2026-04-17 07:51:00.000000,Mobile,1,0,0,1
TXN0006730,ACC01575,ACC01128,299.1,2026-03-30 07:55:00.000000,ATM,0,0,0,0
TXN0005141,ACC01386,ACC01120,3790.03,2026-04-24 09:00:00.000000,ATM,0,0,0,0
TXN0002365,ACC01336,ACC00753,414.88,2026-04-22 18:20:00.000000,Mobile,0,0,0,0
TXN0011337,ACC01312,ACC00943,280.46,2026-04-17 14:45:00.000000,ATM,0,0,0,0
TXN0002491,ACC00045,ACC00304,795.52,2026-04-18 17:15:00.000000,Mobile,0,0,0,0
TXN0002607,ACC01282,ACC01009,58.89,2026-04-09 23:13:00.000000,Mobile,0,0,0,0
TXN0010155,ACC00394,ACC01846,761.13,2026-04-21 10:45:00.000000,Mobile,0,0,0,0
TXN0010529,ACC00558,ACC01306,951.88,2026-04-16 13:19:00.000000,Internet Banking,0,0,0,0
TXN0006127,ACC01094,ACC01624,233.94,2026-04-09 22:54:00.000000,ATM,0,0,0,0
TXN0002457,ACC01092,ACC01008,1555.42,2026-04-10 22:58:00.000000,Mobile,0,0,0,0
TXN0006763,ACC01308,ACC01891,1586.94,2026-04-17 18:42:00.000000,Mobile,0,0,0,0
TXN0009787,ACC00820,ACC00913,370.03,2026-04-20 07:07:00.000000,ATM,0,0,0,0
TXN0001693,ACC00235,ACC00184,533.19,2026-04-07 17:27:00.000000,Mobile,0,0,0,0
TXN0000865,ACC01524,ACC00439,592.4,2026-04-18 08:28:00.000000,ATM,0,0,0,0
TXN0006962,ACC01773,ACC00907,1083.35,2026-04-02 17:16:00.000000,Mobile,0,0,0,0
TXN0003745,ACC00891,ACC01689,315.1,2026-04-07 13:06:00.000000,Mobile,0,0,0,0
TXN0005450,ACC00890,ACC01177,220.25,2026-04-02 16:30:00.000000,ATM,0,0,0,0
TXN0008731,ACC00850,ACC00772,1220.08,2026-04-21 15:35:00.000000,Mobile,0,0,0,0
TXN0006185,ACC00105,ACC00228,1720.09,2026-04-06 12:22:00.000000,Internet Banking,0,0,0,0
TXN0000982,ACC00219,ACC01756,129.72,2026-04-18 17:08:00.000000,Mobile,0,0,0,0
TXN0009102,ACC00303,ACC01105,178.17,2026-04-14 18:16:00.000000,Mobile,0,0,0,0
TXN0000112,ACC00262,ACC00494,15000.0,2026-04-09 10:28:36.675960,ATM,0,1,1,1
TXN0001710,ACC01221,ACC00832,1234.17,2026-04-01 09:51:00.000000,Mobile,0,0,0,0
TXN0000246,ACC00601,ACC01024,61000.0,2026-04-21 21:58:15.356547,Mobile,0,1,1,0
TXN0011803,ACC01220,ACC01047,82.82,2026-04-08 23:35:00.000000,Internet Banking,0,0,0,0
TXN0009075,ACC01391,ACC00412,59.21,2026-04-11 09:27:00.000000,Mobile,0,0,0,0
TXN0005249,ACC01929,ACC00795,59.74,2026-04-14 07:26:00.000000,ATM,0,0,0,0
TXN0002646,ACC01331,ACC01066,502.83,2026-04-07 13:30:00.000000,Internet Banking,0,0,0,0
TXN0007676,ACC00934,ACC01779,511.65,2026-04-22 10:45:00.000000,Mobile,0,0,0,0
TXN0006124,ACC00641,ACC00220,815.35,2026-04-23 17:01:00.000000,ATM,0,0,0,0
TXN0008821,ACC01173,ACC00207,5000.0,2026-04-15 16:36:00.000000,ATM,0,0,0,0
TXN0004245,ACC01086,ACC01310,1083.81,2026-04-23 22:52:00.000000,Internet Banking,0,0,0,0
TXN0010738,ACC00746,ACC00471,758.29,2026-04-19 15:12:00.000000,Mobile,0,0,0,0
TXN0000940,ACC01407,ACC01589,296.36,2026-04-18 14:29:00.000000,Mobile,0,0,0,0
TXN0009223,ACC00887,ACC01689,358.87,2026-04-08 17:04:00.000000,Mobile,0,0,0,0
TXN0006504,ACC00395,ACC01718,231.49,2026-04-10 17:27:00.000000,Mobile,0,0,0,0
TXN0002282,ACC01271,ACC01232,1172.86,2026-04-01 23:15:00.000000,Internet Banking,0,0,0,0
TXN0002127,ACC01106,ACC01826,2369.57,2026-03-31 20:02:00.000000,Mobile,0,0,0,0
TXN0009783,ACC00600,ACC01742,153.18,2026-04-26 09:05:00.000000,Mobile,0,0,0,0
TXN0001547,ACC01976,ACC00213,351.63,2026-04-25 19:26:00.000000,Mobile,0,0,0,0
TXN0003115,ACC00151,ACC00594,716.15,2026-04-04 10:41:00.000000,Mobile,0,0,0,0
TXN0001633,ACC00911,ACC00796,5000.0,2026-04-17 07:52:00.000000,Internet Banking,0,0,0,0
TXN0011164,ACC00699,ACC01436,772.56,2026-03-29 18:22:00.000000,Mobile,0,0,0,0
TXN0006846,ACC00145,ACC00543,5000.0,2026-03-31 17:45:00.000000,Mobile,0,0,0,0
TXN0003282,ACC01983,ACC00993,719.43,2026-04-14 14:39:00.000000,Internet Banking,0,0,0,0
TXN0006700,ACC01686,ACC00661,624.42,2026-04-07 08:26:00.000000,Mobile,0,0,0,0
TXN0003941,ACC01750,ACC01814,458.85,2026-03-30 09:26:00.000000,Mobile,0,0,0,0
TXN0004563,ACC00962,ACC01605,600.29,2026-04-24 18:38:00.000000,ATM,0,0,0,0
TXN0006063,ACC00439,ACC01868,415.27,2026-04-16 17:03:00.000000,Internet Banking,0,0,0,0
TXN0003202,ACC01525,ACC00944,2681.88,2026-04-11 08:09:00.000000,Internet Banking,0,0,0,0
TXN0003054,ACC00073,ACC00597,2528.92,2026-04-13 12:39:00.000000,Internet Banking,0,0,0,0
TXN0002542,ACC01846,ACC01580,1298.02,2026-04-08 14:03:00.000000,Mobile,0,0,0,0
TXN0001403,ACC00639,ACC01738,724.21,2026-04-10 10:52:00.000000,ATM,0,0,0,0
TXN0003595,ACC01925,ACC01483,760.73,2026-04-06 19:14:00.000000,Mobile,0,0,0,0
TXN0000040,ACC00084,ACC01579,700.0,2026-04-10 21:56:48.878876,ATM,0,1,1,0
TXN0002418,ACC00279,ACC00318,521.69,2026-04-01 20:20:00.000000,ATM,0,0,0,0
TXN0005910,ACC00087,ACC00156,378.99,2026-04-15 09:26:00.000000,Mobile,0,0,0,0
TXN0002278,ACC01852,ACC01922,20000.0,2026-04-25 16:45:00.000000,Mobile,0,0,0,0
TXN0002617,ACC01498,ACC00928,1909.67,2026-04-14 19:21:00.000000,Internet Banking,0,0,0,0
TXN0008908,ACC00596,ACC01800,285.33,2026-04-23 17:45:00.000000,ATM,0,0,0,0
TXN0001746,ACC00923,ACC00519,491.86,2026-04-07 16:06:00.000000,Mobile,0,0,0,0
TXN0002849,ACC00382,ACC00799,25000.0,2026-04-20 21:38:00.000000,ATM,0,0,0,0
TXN0001346,ACC00269,ACC00592,5000.0,2026-04-06 10:57:00.000000,Mobile,0,0,0,0
TXN0010262,ACC01773,ACC00144,302.66,2026-04-09 12:29:00.000000,Mobile,0,0,0,0
TXN0004209,ACC00680,ACC01705,83.55,2026-04-19 09:41:00.000000,ATM,0,0,0,0
TXN0010826,ACC01373,ACC00758,682.31,2026-04-13 11:49:00.000000,Branch,0,0,0,0
TXN0007330,ACC01360,ACC00120,831.29,2026-04-19 20:51:00.000000,ATM,0,0,0,0
TXN0004861,ACC01145,ACC01700,1374.32,2026-03-30 08:55:00.000000,Mobile,0,0,0,0
TXN0007610,ACC01407,ACC01326,258.88,2026-04-22 16:45:00.000000,Branch,0,0,0,0
TXN0002840,ACC00431,ACC01930,163.79,2026-04-24 18:27:00.000000,Mobile,0,0,0,0
TXN0004316,ACC01866,ACC00222,612.38,2026-04-19 18:20:00.000000,Internet Banking,0,0,0,0
TXN0009872,ACC00641,ACC01770,661.97,2026-04-01 22:08:00.000000,Branch,0,0,0,0
TXN0008545,ACC01021,ACC01047,307.13,2026-04-17 09:49:00.000000,Mobile,0,0,0,0
TXN0004883,ACC01458,ACC00885,1760.03,2026-04-04 07:34:00.000000,ATM,0,0,0,0
TXN0006229,ACC01908,ACC00453,488.45,2026-04-21 18:50:00.000000,Mobile,0,0,0,0
TXN0008340,ACC01453,ACC00867,965.16,2026-04-05 12:04:00.000000,Branch,0,0,0,0
TXN0002727,ACC00177,ACC01052,5000.0,2026-04-19 11:30:00.000000,Mobile,0,0,0,0
TXN0007903,ACC01842,ACC01789,95.8,2026-04-25 17:59:00.000000,ATM,0,0,0,0
TXN0007531,ACC01949,ACC00334,2042.88,2026-03-30 00:49:00.000000,Mobile,0,0,0,0
TXN0010286,ACC01284,ACC00323,1031.32,2026-04-11 09:57:00.000000,Mobile,0,0,0,0
TXN0008668,ACC01587,ACC00774,549.58,2026-04-09 21:18:00.000000,ATM,0,0,0,0
TXN0001437,ACC01187,ACC00959,260.46,2026-04-02 11:39:00.000000,Mobile,0,0,0,0
TXN0000818,ACC00195,ACC00849,255.23,2026-04-02 10:19:00.000000,Internet Banking,0,0,0,0
TXN0002386,ACC00197,ACC00793,25000.0,2026-04-24 09:44:00.000000,ATM,0,0,0,0
TXN0010837,ACC01395,ACC01997,839.22,2026-04-07 08:02:00.000000,Mobile,0,0,0,0
TXN0001324,ACC01445,ACC00059,218.99,2026-04-06 12:21:00.000000,Internet Banking,0,0,0,0
TXN0005079,ACC01676,ACC00372,20000.0,2026-04-24 16:16:00.000000,Internet Banking,0,0,0,0
TXN0001811,ACC00588,ACC00678,1542.63,2026-04-27 06:27:00.000000,Mobile,0,0,0,0
TXN0005627,ACC01480,ACC00611,810.62,2026-03-29 11:44:00.000000,Mobile,0,0,0,0
TXN0000551,ACC01568,ACC01970,30000.0,2026-04-21 23:30:50.354216,ATM,0,1,1,0
TXN0004440,ACC00950,ACC01609,1358.92,2026-04-07 16:27:00.000000,Mobile,0,0,0,0
TXN0003268,ACC00355,ACC00538,993.96,2026-04-20 21:11:00.000000,Mobile,0,0,0,0
TXN0000545,ACC00988,ACC01546,10000.0,2026-04-22 10:36:00.000000,Mobile,1,0,0,1
TXN0011621,ACC01159,ACC00337,521.17,2026-04-05 14:06:00.000000,Internet Banking,0,0,0,0
TXN0000073,ACC00143,ACC01465,16000.0,2026-04-25 05:34:38.732882,Mobile,0,1,1,0
TXN0011467,ACC00734,ACC01419,190.13,2026-04-02 16:53:00.000000,Mobile,0,0,0,0
TXN0006064,ACC01247,ACC01456,70.12,2026-04-19 20:55:00.000000,ATM,0,0,0,0
TXN0004673,ACC00005,ACC00134,10000.0,2026-04-18 10:17:00.000000,Internet Banking,0,0,0,0
TXN0001516,ACC00855,ACC01076,79.14,2026-04-07 09:00:00.000000,Internet Banking,0,0,0,0
TXN0011827,ACC00666,ACC00011,194.25,2026-04-15 11:17:00.000000,ATM,0,0,0,0
TXN0000628,ACC01914,ACC01871,30000.0,2026-04-17 02:31:00.000000,Mobile,1,0,0,1
TXN0006167,ACC01629,ACC00459,642.29,2026-03-31 10:24:00.000000,Mobile,0,0,0,0
TXN0006720,ACC01220,ACC00741,103.24,2026-04-05 11:12:00.000000,Mobile,0,0,0,0
TXN0006786,ACC01928,ACC01512,669.82,2026-04-21 21:34:00.000000,Mobile,0,0,0,0
TXN0000050,ACC00084,ACC00547,80000.0,2026-04-23 17:02:24.749636,Mobile,0,1,1,0
TXN0010956,ACC00009,ACC01695,1259.86,2026-04-01 09:15:00.000000,Mobile,0,0,0,0
TXN0004798,ACC01469,ACC00434,890.26,2026-04-07 14:56:00.000000,Internet Banking,0,0,0,0
TXN0002128,ACC00932,ACC00145,1409.75,2026-04-07 12:35:00.000000,Internet Banking,0,0,0,0
TXN0001269,ACC00699,ACC00690,1494.22,2026-04-10 16:38:00.000000,Mobile,0,0,0,0
TXN0009373,ACC00100,ACC01490,179.12,2026-03-31 16:25:00.000000,Mobile,0,0,0,0
TXN0004605,ACC01258,ACC01326,1928.6,2026-03-29 16:56:00.000000,Internet Banking,0,0,0,0
TXN0007958,ACC00576,ACC00940,238.45,2026-04-22 12:29:00.000000,Branch,0,0,0,0
TXN0001785,ACC01693,ACC00444,1454.3,2026-04-15 13:03:00.000000,Mobile,0,0,0,0
TXN0004676,ACC01727,ACC00387,786.16,2026-04-15 12:12:00.000000,ATM,0,0,0,0
TXN0008742,ACC01750,ACC01669,1082.61,2026-04-13 11:33:00.000000,Internet Banking,0,0,0,0
TXN0001410,ACC00981,ACC01400,586.03,2026-04-08 15:00:00.000000,Mobile,0,0,0,0
TXN0007108,ACC00818,ACC01967,271.11,2026-04-05 15:25:00.000000,Mobile,0,0,0,0
TXN0008022,ACC01633,ACC01333,3945.79,2026-04-07 18:32:00.000000,Mobile,0,0,0,0
TXN0006465,ACC00545,ACC00706,87.66,2026-04-20 14:43:00.000000,Mobile,0,0,0,0
TXN0001697,ACC00596,ACC00974,10000.0,2026-03-29 11:10:00.000000,ATM,0,0,0,0
TXN0010921,ACC01853,ACC00599,603.2,2026-04-07 11:12:00.000000,Internet Banking,0,0,0,0
TXN0005197,ACC00552,ACC01657,10000.0,2026-04-26 21:44:00.000000,Internet Banking,0,0,0,0
TXN0004357,ACC00987,ACC00403,1149.41,2026-03-29 22:06:00.000000,Internet Banking,0,0,0,0
TXN0008953,ACC01378,ACC00986,86.04,2026-04-15 16:48:00.000000,Mobile,0,0,0,0
TXN0009194,ACC00994,ACC00949,898.77,2026-04-19 17:26:00.000000,ATM,0,0,0,0
TXN0005328,ACC01783,ACC00610,547.77,2026-04-22 13:14:00.000000,Mobile,0,0,0,0
TXN0007439,ACC01479,ACC00420,3167.32,2026-04-10 08:33:00.000000,Mobile,0,0,0,0
TXN0006266,ACC00472,ACC01434,1687.28,2026-04-16 12:20:00.000000,ATM,0,0,0,0
TXN0006489,ACC00738,ACC01425,379.15,2026-04-22 13:04:00.000000,Internet Banking,0,0,0,0
TXN0005501,ACC01103,ACC00994,826.43,2026-04-13 10:50:00.000000,Mobile,0,0,0,0
TXN0006031,ACC00820,ACC01534,329.03,2026-04-19 11:43:00.000000,Mobile,0,0,0,0
TXN0001347,ACC01025,ACC01041,265.7,2026-04-16 15:31:00.000000,Mobile,0,0,0,0
TXN0008890,ACC00158,ACC01047,172.46,2026-04-14 18:33:00.000000,Branch,0,0,0,0
TXN0008159,ACC01102,ACC01299,345.89,2026-04-14 09:32:00.000000,Mobile,0,0,0,0
TXN0009630,ACC01371,ACC00245,1380.11,2026-04-21 14:16:00.000000,Mobile,0,0,0,0
TXN0001439,ACC01203,ACC00550,2016.85,2026-03-30 16:15:00.000000,Mobile,0,0,0,0
TXN0006282,ACC00560,ACC01331,2517.46,2026-04-23 06:13:00.000000,ATM,0,0,0,0
TXN0003063,ACC01595,ACC01498,1253.31,2026-04-06 13:25:00.000000,Mobile,0,0,0,0
TXN0011577,ACC00231,ACC01846,105.09,2026-03-31 16:33:00.000000,Mobile,0,0,0,0
TXN0001620,ACC01399,ACC01968,462.37,2026-04-18 12:48:00.000000,Mobile,0,0,0,0
TXN0010132,ACC01813,ACC00774,309.14,2026-04-03 16:03:00.000000,Mobile,0,0,0,0
TXN0008689,ACC00325,ACC00580,72.92,2026-04-02 06:38:00.000000,Mobile,0,0,0,0
TXN0000242,ACC00601,ACC01033,2700.0,2026-04-02 03:15:38.967376,ATM,0,1,1,0
TXN0011194,ACC00147,ACC00230,228.02,2026-04-09 07:43:00.000000,Mobile,0,0,0,0
TXN0005915,ACC00258,ACC00587,80.35,2026-04-05 19:28:00.000000,Internet Banking,0,0,0,0
TXN0002295,ACC00173,ACC00398,1903.35,2026-04-03 13:28:00.000000,Mobile,0,0,0,0
TXN0011905,ACC01732,ACC00131,311.73,2026-04-26 14:55:00.000000,ATM,0,0,0,0
TXN0009537,ACC01614,ACC00147,231.31,2026-04-18 13:30:00.000000,Mobile,0,0,0,0
TXN0006065,ACC00034,ACC00294,2728.84,2026-04-26 12:04:00.000000,Mobile,0,0,0,0
TXN0008683,ACC00643,ACC01132,57.87,2026-04-15 06:27:00.000000,Internet Banking,0,0,0,0
TXN0009795,ACC01246,ACC00627,15000.0,2026-04-01 10:57:00.000000,Branch,0,0,0,0
TXN0011456,ACC00298,ACC00579,770.62,2026-04-18 16:25:00.000000,Internet Banking,0,0,0,0
TXN0011664,ACC01331,ACC00863,189.25,2026-04-23 10:25:00.000000,Internet Banking,0,0,0,0
TXN0006075,ACC01316,ACC00239,52.0,2026-03-29 14:32:00.000000,Mobile,0,0,0,0
TXN0003517,ACC01718,ACC00220,2460.17,2026-03-29 12:35:00.000000,Internet Banking,0,0,0,0
TXN0005336,ACC00856,ACC00602,481.02,2026-04-26 12:10:00.000000,ATM,0,0,0,0
TXN0008886,ACC00513,ACC00066,276.03,2026-04-08 13:55:00.000000,Mobile,0,0,0,0
TXN0007931,ACC01164,ACC01491,25000.0,2026-04-16 12:27:00.000000,ATM,0,0,0,0
TXN0011665,ACC01151,ACC01466,1625.47,2026-04-06 12:35:00.000000,Mobile,0,0,0,0
TXN0004455,ACC01648,ACC00263,1294.23,2026-04-27 08:54:00.000000,Mobile,0,0,0,0
TXN0006777,ACC01614,ACC00535,116.72,2026-04-27 09:51:00.000000,Mobile,0,0,0,0
TXN0000406,ACC01356,ACC01016,15000.0,2026-04-09 02:36:00.000000,Internet Banking,1,0,0,1
TXN0001024,ACC00883,ACC00176,748.1,2026-04-01 16:39:00.000000,Mobile,0,0,0,0
TXN0006589,ACC00576,ACC01200,53.69,2026-04-27 17:24:00.000000,Internet Banking,0,0,0,0
TXN0008937,ACC00133,ACC01488,65.72,2026-03-29 17:31:00.000000,Mobile,0,0,0,0
TXN0002344,ACC00930,ACC00250,52.87,2026-04-09 10:12:00.000000,Mobile,0,0,0,0
TXN0009720,ACC01884,ACC01396,678.44,2026-04-09 14:40:00.000000,Mobile,0,0,0,0
TXN0006220,ACC01770,ACC00719,375.58,2026-04-23 08:28:00.000000,Mobile,0,0,0,0
TXN0000845,ACC00347,ACC01491,856.13,2026-04-04 13:42:00.000000,Mobile,0,0,0,0
TXN0011977,ACC01434,ACC00281,790.88,2026-04-14 10:51:00.000000,ATM,0,0,0,0
TXN0002634,ACC00390,ACC00051,75.02,2026-04-09 10:35:00.000000,Mobile,0,0,0,0
TXN0007793,ACC01386,ACC01306,941.88,2026-04-16 17:56:00.000000,Mobile,0,0,0,0
TXN0010991,ACC01832,ACC01416,2059.57,2026-04-27 12:35:00.000000,Mobile,0,0,0,0
TXN0004726,ACC00618,ACC01789,110.29,2026-04-05 09:32:00.000000,ATM,0,0,0,0
TXN0009410,ACC00496,ACC01234,836.53,2026-04-03 18:36:00.000000,Mobile,0,0,0,0
TXN0000212,ACC00422,ACC01107,10400.0,2026-04-13 12:15:22.085419,ATM,0,1,1,0
TXN0007076,ACC00974,ACC00278,962.92,2026-04-06 10:11:00.000000,Mobile,0,0,0,0
TXN0007668,ACC00694,ACC01079,101.6,2026-04-09 17:11:00.000000,Mobile,0,0,0,0
TXN0008653,ACC01641,ACC00752,564.56,2026-03-30 07:15:00.000000,Mobile,0,0,0,0
TXN0003323,ACC00892,ACC01601,437.75,2026-04-16 21:08:00.000000,Branch,0,0,0,0
TXN0002348,ACC01595,ACC01470,1028.24,2026-04-05 13:52:00.000000,Mobile,0,0,0,0
TXN0005809,ACC01398,ACC01015,1242.49,2026-04-13 09:37:00.000000,Internet Banking,0,0,0,0
TXN0002625,ACC00804,ACC01300,416.88,2026-04-10 10:31:00.000000,ATM,0,0,0,0
TXN0006664,ACC01750,ACC01848,269.38,2026-04-27 17:46:00.000000,Mobile,0,0,0,0
TXN0001717,ACC00966,ACC01774,2655.67,2026-04-14 09:35:00.000000,Internet Banking,0,0,0,0
TXN0005444,ACC00432,ACC00963,137.26,2026-04-09 08:01:00.000000,Mobile,0,0,0,0
TXN0008098,ACC01660,ACC01604,357.95,2026-04-22 17:32:00.000000,Mobile,0,0,0,0
TXN0007211,ACC01691,ACC00071,130.04,2026-04-09 09:39:00.000000,Branch,0,0,0,0
TXN0002839,ACC00022,ACC01569,1694.77,2026-04-13 07:01:00.000000,Mobile,0,0,0,0
TXN0008722,ACC01574,ACC00893,291.79,2026-04-05 11:31:00.000000,Mobile,0,0,0,0
TXN0005174,ACC01044,ACC00680,181.61,2026-04-24 15:26:00.000000,Mobile,0,0,0,0
TXN0011574,ACC00411,ACC01328,1121.61,2026-04-16 07:16:00.000000,Mobile,0,0,0,0
TXN0009054,ACC00112,ACC00042,74.94,2026-04-27 07:51:00.000000,Mobile,0,0,0,0
TXN0005563,ACC01055,ACC01751,2072.42,2026-03-29 11:49:00.000000,Mobile,0,0,0,0
TXN0011565,ACC01365,ACC00860,54.79,2026-04-05 12:08:00.000000,Mobile,0,0,0,0
TXN0011507,ACC00318,ACC00766,5000.0,2026-04-13 13:35:00.000000,Mobile,0,0,0,0
TXN0009460,ACC01986,ACC01741,206.07,2026-04-23 21:56:00.000000,ATM,0,0,0,0
TXN0001411,ACC01485,ACC01035,1287.08,2026-04-25 11:25:00.000000,Mobile,0,0,0,0
TXN0005401,ACC01281,ACC01723,182.15,2026-04-21 21:57:00.000000,Mobile,0,0,0,0
TXN0009596,ACC01166,ACC00058,105.45,2026-04-15 15:08:00.000000,Mobile,0,0,0,0
TXN0004269,ACC00150,ACC00032,872.08,2026-04-03 18:41:00.000000,Mobile,0,0,0,0
TXN0007973,ACC00731,ACC00721,539.49,2026-04-11 07:46:00.000000,Mobile,0,0,0,0
TXN0004769,ACC00696,ACC00797,525.77,2026-04-18 07:23:00.000000,Internet Banking,0,0,0,0
TXN0009573,ACC01222,ACC01023,1104.37,2026-04-04 13:36:00.000000,Mobile,0,0,0,0
TXN0010461,ACC01079,ACC01688,299.73,2026-04-03 15:33:00.000000,Mobile,0,0,0,0
TXN0006837,ACC00821,ACC01172,1543.64,2026-03-30 22:50:00.000000,Internet Banking,0,0,0,0
TXN0005259,ACC00485,ACC01822,612.66,2026-04-23 22:11:00.000000,Mobile,0,0,0,0
TXN0011966,ACC00969,ACC01926,3508.26,2026-04-18 11:00:00.000000,Mobile,0,0,0,0
TXN0006156,ACC01832,ACC01941,470.75,2026-04-19 11:05:00.000000,ATM,0,0,0,0
TXN0010034,ACC01159,ACC01363,2697.26,2026-04-02 15:51:00.000000,Internet Banking,0,0,0,0
TXN0006455,ACC01930,ACC00824,326.8,2026-04-23 06:50:00.000000,Mobile,0,0,0,0
TXN0003859,ACC00973,ACC00254,105.65,2026-04-03 17:49:00.000000,Mobile,0,0,0,0
TXN0011055,ACC00098,ACC01023,331.29,2026-04-22 20:33:00.000000,Mobile,0,0,0,0
TXN0003058,ACC00051,ACC00350,5154.97,2026-04-05 13:19:00.000000,Mobile,0,0,0,0
TXN0001039,ACC00464,ACC00394,1153.0,2026-04-16 10:54:00.000000,Mobile,0,0,0,0
TXN0010405,ACC01011,ACC00320,117.47,2026-04-10 09:19:00.000000,ATM,0,0,0,0
TXN0011343,ACC00626,ACC01104,323.17,2026-03-31 08:22:00.000000,Branch,0,0,0,0
TXN0000878,ACC00099,ACC00011,619.31,2026-04-23 10:47:00.000000,Internet Banking,0,0,0,0
TXN0011698,ACC00915,ACC01855,563.2,2026-04-21 12:57:00.000000,Mobile,0,0,0,0
TXN0005443,ACC01811,ACC01399,3274.63,2026-04-24 16:58:00.000000,Mobile,0,0,0,0
TXN0008547,ACC01655,ACC00659,480.18,2026-03-29 10:29:00.000000,Mobile,0,0,0,0
TXN0011670,ACC00760,ACC00033,212.82,2026-04-01 17:53:00.000000,Branch,0,0,0,0
TXN0000304,ACC00750,ACC01127,5900.0,2026-04-10 01:50:13.547685,ATM,0,1,1,0
TXN0010255,ACC01447,ACC01535,78.88,2026-04-23 22:24:00.000000,ATM,0,0,0,0
TXN0004797,ACC00468,ACC00904,525.5,2026-04-05 19:17:00.000000,Internet Banking,0,0,0,0
TXN0000552,ACC00398,ACC01568,50000.0,2026-04-10 00:30:00.000000,Internet Banking,1,0,0,1
TXN0000418,ACC00252,ACC01022,10000.0,2026-04-13 01:33:00.000000,Mobile,1,0,0,1
TXN0000807,ACC01945,ACC00138,339.62,2026-04-06 12:54:00.000000,ATM,0,0,0,0
TXN0002513,ACC00018,ACC00484,230.22,2026-04-08 16:03:00.000000,Mobile,0,0,0,0
TXN0010010,ACC01287,ACC00523,221.66,2026-04-12 00:37:00.000000,Mobile,0,0,0,0
TXN0004975,ACC01501,ACC00611,1099.44,2026-04-13 15:45:00.000000,ATM,0,0,0,0
TXN0008000,ACC00599,ACC01786,151.42,2026-04-12 15:14:00.000000,Mobile,0,0,0,0
TXN0006261,ACC00311,ACC01652,542.85,2026-04-11 12:39:00.000000,Mobile,0,0,0,0
TXN0011365,ACC01148,ACC00772,1566.52,2026-03-29 17:23:00.000000,ATM,0,0,0,0
TXN0006203,ACC00968,ACC01069,349.33,2026-04-19 17:38:00.000000,Mobile,0,0,0,0
TXN0002806,ACC01004,ACC00527,86.78,2026-03-30 13:19:00.000000,Mobile,0,0,0,0
TXN0005826,ACC01125,ACC00047,371.64,2026-04-27 07:35:00.000000,Branch,0,0,0,0
TXN0011275,ACC00120,ACC00790,209.03,2026-04-04 17:06:00.000000,Mobile,0,0,0,0
TXN0008862,ACC00488,ACC00070,1647.47,2026-04-06 11:05:00.000000,Mobile,0,0,0,0
TXN0005386,ACC01019,ACC01974,4335.33,2026-04-27 11:14:00.000000,Mobile,0,0,0,0
TXN0011269,ACC00828,ACC01264,1736.87,2026-04-14 10:50:00.000000,Internet Banking,0,0,0,0
TXN0010173,ACC00478,ACC01405,899.72,2026-04-09 15:38:00.000000,Mobile,0,0,0,0
TXN0005825,ACC00564,ACC01178,1947.17,2026-04-23 14:35:00.000000,Mobile,0,0,0,0
TXN0011233,ACC00847,ACC00477,762.72,2026-04-27 12:00:00.000000,Mobile,0,0,0,0
TXN0001237,ACC01520,ACC01689,1425.58,2026-04-27 06:26:00.000000,Internet Banking,0,0,0,0
TXN0010886,ACC00364,ACC00630,437.14,2026-04-27 17:01:00.000000,Branch,0,0,0,0
TXN0011938,ACC01355,ACC00679,472.31,2026-04-25 09:15:00.000000,Mobile,0,0,0,0
TXN0002354,ACC00694,ACC00475,15000.0,2026-04-10 23:11:00.000000,Internet Banking,0,0,0,0
TXN0004965,ACC00047,ACC00449,1132.1,2026-04-21 18:17:00.000000,Mobile,0,0,0,0
TXN0005338,ACC00935,ACC01854,728.38,2026-04-27 18:51:00.000000,Mobile,0,0,0,0
TXN0003932,ACC01413,ACC01422,1169.66,2026-04-27 16:48:00.000000,Internet Banking,0,0,0,0
TXN0004103,ACC00242,ACC01381,236.44,2026-04-04 08:09:00.000000,Mobile,0,0,0,0
TXN0000588,ACC01726,ACC00792,1900.0,2026-04-04 02:50:07.177210,ATM,0,1,1,0
TXN0006335,ACC01031,ACC01396,4734.21,2026-03-30 15:34:00.000000,Mobile,0,0,0,0
TXN0005862,ACC01588,ACC00081,498.25,2026-04-19 16:03:00.000000,Mobile,0,0,0,0
TXN0004723,ACC01222,ACC00609,662.13,2026-04-04 18:11:00.000000,Mobile,0,0,0,0
TXN0010275,ACC01516,ACC01969,279.48,2026-04-14 20:26:00.000000,Mobile,0,0,0,0
TXN0005310,ACC01089,ACC00570,199.27,2026-04-13 17:52:00.000000,Mobile,0,0,0,0
TXN0004432,ACC01819,ACC00432,643.72,2026-04-20 07:13:00.000000,Mobile,0,0,0,0
TXN0004407,ACC01387,ACC01112,2478.7,2026-04-04 11:16:00.000000,Mobile,0,0,0,0
TXN0008596,ACC00542,ACC01840,494.92,2026-04-12 16:28:00.000000,Mobile,0,0,0,0
TXN0010463,ACC01542,ACC01768,418.05,2026-04-08 20:53:00.000000,Mobile,0,0,0,0
TXN0011279,ACC01812,ACC00697,761.82,2026-04-11 15:20:00.000000,Mobile,0,0,0,0
TXN0009982,ACC01030,ACC01777,371.77,2026-04-22 17:44:00.000000,Mobile,0,0,0,0
TXN0003559,ACC01926,ACC00309,894.13,2026-04-10 20:31:00.000000,Branch,0,0,0,0
TXN0008700,ACC01552,ACC01816,884.4,2026-04-04 18:59:00.000000,Mobile,0,0,0,0
TXN0000594,ACC01726,ACC00445,18600.0,2026-03-31 13:05:16.711698,Mobile,0,1,1,0
TXN0001602,ACC01461,ACC00823,1096.51,2026-04-18 10:53:00.000000,Internet Banking,0,0,0,0
TXN0000329,ACC00838,ACC01123,18700.0,2026-03-31 10:34:29.830258,Mobile,0,1,1,0
TXN0005414,ACC01875,ACC00031,812.47,2026-04-11 10:57:00.000000,ATM,0,0,0,0
TXN0009300,ACC00055,ACC00763,191.14,2026-04-26 22:54:00.000000,Mobile,0,0,0,0
TXN0002944,ACC01854,ACC00298,1554.81,2026-04-24 19:50:00.000000,Mobile,0,0,0,0
TXN0005209,ACC01055,ACC00229,675.05,2026-04-27 12:30:00.000000,Mobile,0,0,0,0
TXN0011309,ACC01267,ACC01696,764.21,2026-04-20 05:54:00.000000,Mobile,0,0,0,0
TXN0006904,ACC01467,ACC00180,60.76,2026-04-27 12:59:00.000000,Mobile,0,0,0,0
TXN0005656,ACC00690,ACC01524,655.05,2026-04-22 00:56:00.000000,Mobile,0,0,0,0
TXN0008615,ACC01351,ACC01244,620.16,2026-04-08 11:23:00.000000,Mobile,0,0,0,0
TXN0001601,ACC00757,ACC01402,969.26,2026-04-12 14:54:00.000000,ATM,0,0,0,0
TXN0000127,ACC01572,ACC00271,15000.0,2026-04-11 10:59:00.000000,Internet Banking,1,0,0,1
TXN0006523,ACC01222,ACC00503,744.82,2026-03-29 17:33:00.000000,ATM,0,0,0,0
TXN0000077,ACC00171,ACC01371,80000.0,2026-04-12 18:06:10.693191,ATM,0,1,1,0
TXN0003873,ACC00071,ACC00536,5000.0,2026-04-19 15:55:00.000000,Internet Banking,0,0,0,0
TXN0011741,ACC00626,ACC00091,1385.34,2026-03-31 06:31:00.000000,Internet Banking,0,0,0,0
TXN0011420,ACC01403,ACC01768,573.03,2026-04-07 12:48:00.000000,ATM,0,0,0,0
TXN0009735,ACC01731,ACC00254,66.02,2026-04-05 18:45:00.000000,ATM,0,0,0,0
TXN0003315,ACC00928,ACC00223,115.58,2026-04-10 13:51:00.000000,Internet Banking,0,0,0,0
TXN0007772,ACC00711,ACC00920,20000.0,2026-03-29 16:46:00.000000,Mobile,0,0,0,0
TXN0008847,ACC01900,ACC01013,2454.2,2026-04-09 18:41:00.000000,Mobile,0,0,0,0
TXN0010189,ACC01584,ACC01613,235.4,2026-04-17 15:56:00.000000,Mobile,0,0,0,0
TXN0005773,ACC00579,ACC01128,15000.0,2026-04-24 19:48:00.000000,ATM,0,0,0,0
TXN0010767,ACC00757,ACC00730,1250.87,2026-04-19 18:50:00.000000,Mobile,0,0,0,0
TXN0000504,ACC01791,ACC01393,15000.0,2026-04-03 00:16:00.000000,Mobile,1,0,0,1
TXN0005318,ACC00959,ACC00372,2665.54,2026-04-16 10:33:00.000000,Mobile,0,0,0,0
TXN0009552,ACC00461,ACC00124,294.28,2026-04-24 16:58:00.000000,ATM,0,0,0,0
TXN0002481,ACC00100,ACC01666,2440.25,2026-04-02 10:19:00.000000,Internet Banking,0,0,0,0
TXN0007207,ACC01591,ACC01722,399.66,2026-04-27 09:56:00.000000,Mobile,0,0,0,0
TXN0004569,ACC00947,ACC00146,133.84,2026-04-14 19:19:00.000000,Mobile,0,0,0,0
TXN0008309,ACC01415,ACC00783,368.19,2026-04-10 13:14:00.000000,Mobile,0,0,0,0
TXN0005002,ACC01823,ACC01812,843.49,2026-04-06 10:42:00.000000,Mobile,0,0,0,0
TXN0005088,ACC01149,ACC00049,83.71,2026-04-18 10:30:00.000000,Mobile,0,0,0,0
TXN0001354,ACC00773,ACC01422,950.46,2026-04-12 21:36:00.000000,Internet Banking,0,0,0,0
TXN0009934,ACC01115,ACC00660,386.56,2026-04-25 11:38:00.000000,Mobile,0,0,0,0
TXN0003397,ACC01564,ACC00654,646.87,2026-04-27 11:50:00.000000,Mobile,0,0,0,0
TXN0008713,ACC01656,ACC00705,7038.73,2026-04-20 10:25:00.000000,Internet Banking,0,0,0,0
TXN0006008,ACC01210,ACC01008,362.34,2026-04-12 18:23:00.000000,Mobile,0,0,0,0
TXN0011517,ACC01176,ACC01150,120.27,2026-04-14 12:30:00.000000,Mobile,0,0,0,0
TXN0008716,ACC01874,ACC01512,1189.19,2026-03-31 14:50:00.000000,Mobile,0,0,0,0
TXN0003102,ACC01365,ACC00530,121.47,2026-03-31 19:53:00.000000,Internet Banking,0,0,0,0
TXN0004459,ACC01766,ACC01537,204.52,2026-03-30 11:54:00.000000,Mobile,0,0,0,0
TXN0004635,ACC00860,ACC00500,53.26,2026-04-15 18:50:00.000000,Mobile,0,0,0,0
TXN0003851,ACC01421,ACC00698,576.56,2026-04-04 17:55:00.000000,Mobile,0,0,0,0
